-- --------------------------------------------------------
-- Host:                         127.0.0.1
-- Server version:               5.6.19 - MySQL Community Server (GPL)
-- Server OS:                    Win64
-- HeidiSQL Version:             9.1.0.4867
-- --------------------------------------------------------

/*!40101 SET @OLD_CHARACTER_SET_CLIENT=@@CHARACTER_SET_CLIENT */;
/*!40101 SET NAMES utf8mb4 */;
/*!40014 SET @OLD_FOREIGN_KEY_CHECKS=@@FOREIGN_KEY_CHECKS, FOREIGN_KEY_CHECKS=0 */;
/*!40101 SET @OLD_SQL_MODE=@@SQL_MODE, SQL_MODE='NO_AUTO_VALUE_ON_ZERO' */;

-- Dumping database structure for inventory_erp
CREATE DATABASE IF NOT EXISTS `inventory_erp` /*!40100 DEFAULT CHARACTER SET utf8 */;
USE `inventory_erp`;


-- Dumping structure for table inventory_erp.adjustment
CREATE TABLE IF NOT EXISTS `adjustment` (
  `ID` int(11) NOT NULL AUTO_INCREMENT,
  `TotalDiffAmount` decimal(19,2) DEFAULT NULL,
  `Accept` bit(1) DEFAULT NULL,
  `Active` bit(1) DEFAULT NULL,
  `AdjustID` varchar(255) DEFAULT NULL,
  `Date` date DEFAULT NULL,
  `RefType` int(11) DEFAULT NULL,
  `StockID` int(11) DEFAULT NULL,
  `StaffID` int(11) DEFAULT NULL,
  PRIMARY KEY (`ID`),
  KEY `FK75D7ED6D26AAC0E0` (`StockID`),
  KEY `FK75D7ED6D25E68DF4` (`StaffID`),
  CONSTRAINT `FK75D7ED6D25E68DF4` FOREIGN KEY (`StaffID`) REFERENCES `staff` (`StaffID`),
  CONSTRAINT `FK75D7ED6D26AAC0E0` FOREIGN KEY (`StockID`) REFERENCES `stock` (`StockID`)
) ENGINE=InnoDB DEFAULT CHARSET=utf8;

-- Dumping data for table inventory_erp.adjustment: ~0 rows (approximately)
/*!40000 ALTER TABLE `adjustment` DISABLE KEYS */;
/*!40000 ALTER TABLE `adjustment` ENABLE KEYS */;


-- Dumping structure for table inventory_erp.asset
CREATE TABLE IF NOT EXISTS `asset` (
  `AssetID` int(11) NOT NULL AUTO_INCREMENT,
  `Name` varchar(255) DEFAULT NULL,
  `Number` int(11) DEFAULT NULL,
  `OrgPrice` decimal(19,2) DEFAULT NULL,
  PRIMARY KEY (`AssetID`)
) ENGINE=InnoDB DEFAULT CHARSET=utf8;

-- Dumping data for table inventory_erp.asset: ~0 rows (approximately)
/*!40000 ALTER TABLE `asset` DISABLE KEYS */;
/*!40000 ALTER TABLE `asset` ENABLE KEYS */;


-- Dumping structure for table inventory_erp.asset_adjustment
CREATE TABLE IF NOT EXISTS `asset_adjustment` (
  `AssetAdjustID` int(11) NOT NULL AUTO_INCREMENT,
  `AssetNumber` int(11) DEFAULT NULL,
  `Date` date DEFAULT NULL,
  `IsValid` bit(1) DEFAULT NULL,
  `State` varchar(255) DEFAULT NULL,
  `AssetID` int(11) DEFAULT NULL,
  PRIMARY KEY (`AssetAdjustID`),
  KEY `FK995E221C6C011A14` (`AssetID`),
  CONSTRAINT `FK995E221C6C011A14` FOREIGN KEY (`AssetID`) REFERENCES `asset` (`AssetID`)
) ENGINE=InnoDB DEFAULT CHARSET=utf8;

-- Dumping data for table inventory_erp.asset_adjustment: ~0 rows (approximately)
/*!40000 ALTER TABLE `asset_adjustment` DISABLE KEYS */;
/*!40000 ALTER TABLE `asset_adjustment` ENABLE KEYS */;


-- Dumping structure for table inventory_erp.asset_liquidation
CREATE TABLE IF NOT EXISTS `asset_liquidation` (
  `LiquidID` int(11) NOT NULL AUTO_INCREMENT,
  `Date` date DEFAULT NULL,
  `Reason` varchar(255) DEFAULT NULL,
  `TotalAmount` decimal(19,2) DEFAULT NULL,
  `TotalNumber` int(11) DEFAULT NULL,
  `StaffID` int(11) DEFAULT NULL,
  PRIMARY KEY (`LiquidID`),
  KEY `FK9E99D86A25E68DF4` (`StaffID`),
  CONSTRAINT `FK9E99D86A25E68DF4` FOREIGN KEY (`StaffID`) REFERENCES `staff` (`StaffID`)
) ENGINE=InnoDB DEFAULT CHARSET=utf8;

-- Dumping data for table inventory_erp.asset_liquidation: ~0 rows (approximately)
/*!40000 ALTER TABLE `asset_liquidation` DISABLE KEYS */;
/*!40000 ALTER TABLE `asset_liquidation` ENABLE KEYS */;


-- Dumping structure for table inventory_erp.asset_liquidation_detail
CREATE TABLE IF NOT EXISTS `asset_liquidation_detail` (
  `LiDetailID` int(11) NOT NULL AUTO_INCREMENT,
  `Amount` decimal(19,2) DEFAULT NULL,
  `Customer` varchar(255) DEFAULT NULL,
  `Number` int(11) DEFAULT NULL,
  `Price` decimal(19,2) DEFAULT NULL,
  `AssetID` int(11) DEFAULT NULL,
  `LiquidID` int(11) DEFAULT NULL,
  PRIMARY KEY (`LiDetailID`),
  KEY `FKC639D1C6B262E8C7` (`LiquidID`),
  KEY `FKC639D1C66C011A14` (`AssetID`),
  CONSTRAINT `FKC639D1C66C011A14` FOREIGN KEY (`AssetID`) REFERENCES `asset` (`AssetID`),
  CONSTRAINT `FKC639D1C6B262E8C7` FOREIGN KEY (`LiquidID`) REFERENCES `asset_liquidation` (`LiquidID`)
) ENGINE=InnoDB DEFAULT CHARSET=utf8;

-- Dumping data for table inventory_erp.asset_liquidation_detail: ~0 rows (approximately)
/*!40000 ALTER TABLE `asset_liquidation_detail` DISABLE KEYS */;
/*!40000 ALTER TABLE `asset_liquidation_detail` ENABLE KEYS */;


-- Dumping structure for table inventory_erp.asset_report
CREATE TABLE IF NOT EXISTS `asset_report` (
  `AssetReportID` int(11) NOT NULL AUTO_INCREMENT,
  `Date` date DEFAULT NULL,
  `Reason` varchar(255) DEFAULT NULL,
  `StaffID` int(11) DEFAULT NULL,
  PRIMARY KEY (`AssetReportID`)
) ENGINE=InnoDB DEFAULT CHARSET=utf8;

-- Dumping data for table inventory_erp.asset_report: ~0 rows (approximately)
/*!40000 ALTER TABLE `asset_report` DISABLE KEYS */;
/*!40000 ALTER TABLE `asset_report` ENABLE KEYS */;


-- Dumping structure for table inventory_erp.asset_report_detail
CREATE TABLE IF NOT EXISTS `asset_report_detail` (
  `AssetReportDetailID` int(11) NOT NULL AUTO_INCREMENT,
  `AssetID` int(11) DEFAULT NULL,
  `AssetReportID` int(11) DEFAULT NULL,
  `Number` int(11) DEFAULT NULL,
  `UseState` varchar(255) DEFAULT NULL,
  PRIMARY KEY (`AssetReportDetailID`)
) ENGINE=InnoDB DEFAULT CHARSET=utf8;

-- Dumping data for table inventory_erp.asset_report_detail: ~0 rows (approximately)
/*!40000 ALTER TABLE `asset_report_detail` DISABLE KEYS */;
/*!40000 ALTER TABLE `asset_report_detail` ENABLE KEYS */;


-- Dumping structure for table inventory_erp.contract
CREATE TABLE IF NOT EXISTS `contract` (
  `ContractID` int(11) NOT NULL AUTO_INCREMENT,
  `ContractNumber` int(11) DEFAULT NULL,
  `Customer` varchar(255) DEFAULT NULL,
  `Date` date DEFAULT NULL,
  PRIMARY KEY (`ContractID`)
) ENGINE=InnoDB DEFAULT CHARSET=utf8;

-- Dumping data for table inventory_erp.contract: ~0 rows (approximately)
/*!40000 ALTER TABLE `contract` DISABLE KEYS */;
/*!40000 ALTER TABLE `contract` ENABLE KEYS */;


-- Dumping structure for table inventory_erp.customer
CREATE TABLE IF NOT EXISTS `customer` (
  `CustomerID` int(11) NOT NULL AUTO_INCREMENT,
  `CustomerName` varchar(100) DEFAULT NULL,
  `Address` varchar(100) DEFAULT NULL,
  `Tel` varchar(50) DEFAULT NULL,
  `Email` varchar(50) DEFAULT NULL,
  `Website` varchar(50) DEFAULT NULL,
  `Description` varchar(50) DEFAULT NULL,
  PRIMARY KEY (`CustomerID`)
) ENGINE=InnoDB DEFAULT CHARSET=utf8;

-- Dumping data for table inventory_erp.customer: ~0 rows (approximately)
/*!40000 ALTER TABLE `customer` DISABLE KEYS */;
/*!40000 ALTER TABLE `customer` ENABLE KEYS */;


-- Dumping structure for table inventory_erp.inventory_report
CREATE TABLE IF NOT EXISTS `inventory_report` (
  `ReportID` int(11) NOT NULL AUTO_INCREMENT,
  `Date` date DEFAULT NULL,
  `Reason` varchar(255) DEFAULT NULL,
  `StaffID` int(11) DEFAULT NULL,
  PRIMARY KEY (`ReportID`)
) ENGINE=InnoDB DEFAULT CHARSET=utf8;

-- Dumping data for table inventory_erp.inventory_report: ~0 rows (approximately)
/*!40000 ALTER TABLE `inventory_report` DISABLE KEYS */;
/*!40000 ALTER TABLE `inventory_report` ENABLE KEYS */;


-- Dumping structure for table inventory_erp.inventory_report_detail
CREATE TABLE IF NOT EXISTS `inventory_report_detail` (
  `ID` int(11) NOT NULL AUTO_INCREMENT,
  `Date` date DEFAULT NULL,
  `Number` int(11) DEFAULT NULL,
  `ProductID` int(11) DEFAULT NULL,
  PRIMARY KEY (`ID`)
) ENGINE=InnoDB DEFAULT CHARSET=utf8;

-- Dumping data for table inventory_erp.inventory_report_detail: ~0 rows (approximately)
/*!40000 ALTER TABLE `inventory_report_detail` DISABLE KEYS */;
/*!40000 ALTER TABLE `inventory_report_detail` ENABLE KEYS */;


-- Dumping structure for table inventory_erp.manufacture
CREATE TABLE IF NOT EXISTS `manufacture` (
  `manufactureID` int(11) NOT NULL AUTO_INCREMENT,
  `address` varchar(255) DEFAULT NULL,
  `description` varchar(255) DEFAULT NULL,
  `name` varchar(255) DEFAULT NULL,
  `tel` varchar(255) DEFAULT NULL,
  PRIMARY KEY (`manufactureID`)
) ENGINE=InnoDB AUTO_INCREMENT=3 DEFAULT CHARSET=utf8;

-- Dumping data for table inventory_erp.manufacture: ~2 rows (approximately)
/*!40000 ALTER TABLE `manufacture` DISABLE KEYS */;
INSERT INTO `manufacture` (`manufactureID`, `address`, `description`, `name`, `tel`) VALUES
	(1, 'USA', 'May tinh apple', 'Dell', '2424'),
	(2, 'Korea', 'Hàng no ki a', 'Nokia', '22225555');
/*!40000 ALTER TABLE `manufacture` ENABLE KEYS */;


-- Dumping structure for table inventory_erp.product
CREATE TABLE IF NOT EXISTS `product` (
  `ProductID` int(11) NOT NULL AUTO_INCREMENT,
  `ProductName` varchar(255) DEFAULT NULL,
  `Description` varchar(255) DEFAULT NULL,
  `MaxStock` int(11) DEFAULT NULL,
  `MinStock` int(11) DEFAULT NULL,
  `OrgPrice` decimal(19,2) DEFAULT NULL,
  `Photo` blob,
  `SalePrice` decimal(19,2) DEFAULT NULL,
  `TypeID` int(11) DEFAULT NULL,
  `UnitID` int(11) DEFAULT NULL,
  `ManufacturerID` int(11) DEFAULT NULL,
  `ProviderID` int(11) DEFAULT NULL,
  PRIMARY KEY (`ProductID`),
  KEY `FKED8DCCEFFC62AB04` (`ProviderID`),
  KEY `FKED8DCCEF2754B1C6` (`ManufacturerID`),
  KEY `FKED8DCCEF5D3E5D0B` (`UnitID`),
  KEY `FKED8DCCEF5C2732F7` (`TypeID`),
  CONSTRAINT `FKED8DCCEF2754B1C6` FOREIGN KEY (`ManufacturerID`) REFERENCES `manufacture` (`manufactureID`),
  CONSTRAINT `FKED8DCCEF5C2732F7` FOREIGN KEY (`TypeID`) REFERENCES `product_type` (`typeID`),
  CONSTRAINT `FKED8DCCEF5D3E5D0B` FOREIGN KEY (`UnitID`) REFERENCES `product_unit` (`unitID`),
  CONSTRAINT `FKED8DCCEFFC62AB04` FOREIGN KEY (`ProviderID`) REFERENCES `provider` (`ProviderID`)
) ENGINE=InnoDB AUTO_INCREMENT=12 DEFAULT CHARSET=utf8;

-- Dumping data for table inventory_erp.product: ~9 rows (approximately)
/*!40000 ALTER TABLE `product` DISABLE KEYS */;
INSERT INTO `product` (`ProductID`, `ProductName`, `Description`, `MaxStock`, `MinStock`, `OrgPrice`, `Photo`, `SalePrice`, `TypeID`, `UnitID`, `ManufacturerID`, `ProviderID`) VALUES
	(1, 'asus', 'vip 1', 60, 20, 2000000.00, _binary '', 3000000.00, 2, 1, 2, 3),
	(2, 'paparoti 2', '1', 1, 1, 12000.00, NULL, 12000.00, 1, 3, 2, 3),
	(3, 'werwrwerwer', '1', 1, 1, 20000000.00, NULL, 20000.00, 1, 2, 1, 1),
	(4, 'tai nghe sony 1', '99', 99, 10, 900000.00, NULL, 900000.00, 2, 1, 1, 3),
	(5, 'asdfasdfsdf', '1', 1, 1, 1.00, NULL, 1.00, 1, 1, 1, 1),
	(8, 'co hinh', '', 234234, 234, 23423.00, _binary 0x6956424F5277304B47676F414141414E5355684555674141417663414141493843415941414142315549544D4141416741456C45515652346E4F7A643278476A504A65325952394D41735241436B7A565A4541497845414B5A4541475A4541435177524D3954454A6B4146482F33362F2F6F4F334669334C596938777950645652583366322B32324D52767A5343794A312F2F37662F3950574668595746685957466859574669657637792B765149734C4377734C4377734C4377734C483457776A304C4377734C4377734C4377744C494D744875502F7A3577384C4377734C4377734C4377734C79304F577858415041414141345034493977414141454167435063414141424149416A3341414141514341493977414141454167435063414141424149416A3341414141514341493977414141454167435063414141424149416A3341414141514341493977414141454167435063414141424149416A3341414141514341493977414141454167435063414141424149416A3341414141514341493977414141454167435063414141424149416A3341414141514341493977414141454167435063414141424149416A3341414141514341493977414141454167435063414141424149416A3341414141514341493977414141454167435063414141424149416A334141414151434149397741414145416750734C392F2F322F2F31664D6858415041414141504D4F6650332F65736A7A68486741414148676F776A304141414151434D49394141414145416A435051414141424149776A304141414151434D49394141414145416A435051414141424149776A304141414151434D49394141414145416A435051414141424149776A304141414151434D49394141414145416A435051414141424149776A304141414151434D49394141414145416A435051414141424149776A304141414151434D49394141414145416A435051414141424149776A304141414151434D49394141414145416A435051414141424149776A304141414151434D49394141414145416A435051414141424149776A304141414151434D49394141414145416A435051414141424149776A304141414151434D49394141414145416A435051414141424149776A304141414151434D49394141414145416A435051414141424149776A304141414151434D49394141414145416A435051414141424149776A304141414151434D49394141414145416A435051414141424149776A304141414151434D49394141414145416A4350514141414243496A33442F662F37502F78467A49647744414141417A2F446E7A352B334C452B34427741414142364B6341384141414145676E41504141414142494A7744774141414153436341384141414145676E41504141414142494A774438786F32335A6341414141376F357744307834765634665335716D4250306630506639324B6A722B2F376271774D4177477145653243434B397A7255746631743163504A786D475161496F6B7466724A564555536464313331346C414142574939774445367171476E74766D366152504D2F4863423946306264584479644A303552474841446773516A3377415A6D774B63384A7A7856565933374E382F7A6236384F4141436245653642446471324A647748717575366364386D53534C444D4878376C51414132497877443278673975775337734D7844494D6B53554B645051446738516A3377457074323434444C562B76467A323741536D4B676A70374145415143506641676A524E33304C39362F57537369792F7656727770476B6136757742414D456733414D4C7A4643664A416B39757745787037326B7A68344145414C435062434147767477366253585552547873436F4151424149393843434E45306C54564D475751616D62647478337A5A4E382B335641514441433849394141414145416A435051414141424149776A304141414151434D4A394150712B6C37717570537A4C73596259745A526C4B5533544D434D4941474333746D326C4C457370696D4C7965704E6C32586A4E59624136634333432F5550316653394655556763783239544E613564644570486E30486666502B7A5A355A70323362387244524E542F73636377373073783963565A626C2B446C5844743639616C744F4D62667645583366763733586D564F576D74767339587035447938366938395679394A2B5037492B6352784C6E75666566322F5730696350763134764B597269314D2F53375254483861586631667A744F4F735A4848566453355A6C683436446F6967756D33574D6338696662357844562B53496B4248754836627665386E7A334E735055685246556C57566C33557A337A65556347397661312F62797357385146385A446B494A39794C762B79754F5977397235325A65674D344955794546452F763335736F48774E6B4E7669694B54763038637A746C575862715A356E4F4450643158652F75524A6F4C71326650554D5535354D63337A7948432F5836452B7763786638444E4A556B534B637453327261644449526431306C6431354C6E2B636654567655396A7659576D2B385851726766687347356E63356937392B72776B46493464362B454A3052494D7A74465558524B59327775584B487163552B54726638323658654F50503974377A335645424A6B755353556F32694B44342B2B38785161582F6E4D7A7344544765452B363772336E70737A5742654649553054544E357A526947516471326C6171714A7138355A7764557A69462F322F466235784468666A2F432F514D4D772B413879664D38333331794E30337A385A3552464230715A516774334E64312F625A7439502B6656544C6A617278644551354343766369373733335A33796673337674397A727A2F44747977653236547371792F41683455525364586E366D5063376D5A352F5A61486239546C395259756337334A752F66656231357368333662704F69714959393857647A6833464F6654706D2B63513458342F7776334E446350773058755370716D33466E74643178382F47487344666D6A6833747A755656574E2F2F2B736D6B4E58754C2F69787A753063472F333376733846712F6F74642F727273464544635077305175594A4D6C70323941634C324D486F374D2B307858757A2F794F796D65347430735266647A5674645631666571596D4C3034683935392B787769334F3948754C38785637412F49316A3266662F784F58747575345555377332416D47585A32332B6656584E6F5871444E4839477A7730466F3456376B764E3737752F62616939772F6D436937562F6973375767654131335876663333575866457A4F316B6E734E356E702F7965637058754C65442F64324F38624E7844723337396A6C45754E2B506348396A64692F516D543064646B4E6954343978534F4865374233523757344F4B6A756A3574432B514A756664325934434448636E394637662B64656535486E42424D52655A74313559787461593658305948565A694136612B794D755A33734148626D3737655063472F656E54783766652B4B632B69764F35784468507639435063335A5A646F585046446177663872536476534F4865444E62366F326C652F4D366F4F62517630505A3069326364417947476578482F76666432634C75624A775754733663744E554F496562667A374C457A396E617937385A644D56356E5437692F3672666D376A69482F72724C4F595239435063333148586432306C37396931642B37504E6B33664C68534B5563472F57475A6F683376347839643154347270416D3363517A676F486F595A376E373333356A59366334724E4935345554455465657835392F38615A6E52546D4F574D322B4D346F635852744A37764435497737506B66432F54414D6235305A5A38396A666D656351332F6436527A43646F5437477A49503771736668694C795766753939764E444366666D6A356464666D50754739383168314D5836434E33553959494E64794C764F2F4C49336462377435724C2F4B3859474C6543664E35334A6D4E4F7674387355757266484E7470373776337A704D7A67684552384B3932594677356C532F5438413539492B376E5550596A6E422F4D2F62743057386433475A507A74714C52516A683371777A645031776E566C7A4F485742506A736368427A753764373750624E4D5061485858755235776553736B474347565663442F4D79784D3150627958375374652F50335276753766506A7969646A3378486E30442F756541356847384C397A5A693332623452744A5139782F73614959523773796645645A7654667243567A347668334158367A4841516372675865652B39333350722B676D3939694C504469592B3937335A4548593135737A67346E76737A4E7832736B76736644364161472B345033707568495A7A36423933505965774875482B52757A672B4D3044323136584E5745796848412F5657646F4F71766D634F6B43625836757A3341516572672F306E7476627075376C7977384F5A6A3475694D794E563747644F62596D626E7464485443676A6C377772333947332F46303037766A6E506F337563513169506333346A5A57333648322F3962422B73385064796241356E6E74722F35342B667A56756A5342667173634242367542665A333050357041764E30344B4A655237354F75374D3336793575797A32412B70385764704F396F5146766A6F48396F54377332662F65694C4F6F667566513169486348386A356B6C3168786B4C746A59326E6837757A56754E5378644938774C747130526D7A5158367947784755333468334F2F7076662F3264746E7161634845504E39382F4E375A3432586D6568504E594F757A4233334E64724C6E762F6578506665452B3665556D31324A632B675A357843574565357678417874647A696F37536B356C323639505433634C39555A6D73366F4F56783767665964447234645971384939794C62652B2B6664704635576A4478505368766162794D366179784D3275336B313169643753735957753474372F2F335237493969326351383835687A43506348385464732F6958577A3573587479754464766236377068646A6138466C6A7977586135394D4A6679586332345050356870773339346D657A77706D4A77787934645A4A72416D364A78787033547464724C6E6C6A39366A47304E393038615333496C7A71486E6E454F595237692F6962762B3247365A312F334A345835746E61484A76446A37754B323935514C744D7878384F386865326167316A2B653562667A4543387854676F6C3937506F6F4C56733758735A307868696E4C64764A3769413473683232686E767A396379533878666E304C504F4955776A334E2B452B574E377035374374574649354C6E68667538746174383168317376304C374377532B46653775337937577676373039396E70434D426D47346130683761736A59322F7473652B784D3175336B2F6B62636D5462627633744D4D7543664154445548414F50653863676876682F69624D482B6337444B5A565777615A506A586337353031777363446B6B78485A377A597539322F485761764450636979773157382B2B664E44336733594E4A332F6476742F313954756471426F777474622B2B35336E66733531386C4E68742F65307731395033513469656A48506F6D65635150684875622B4C4934385050744757396E6872757439595A6D7377666F714F4E7372334867426B4F346A6A654841352B4C647A503964366274356D665671357731324453393730555266455748754934396A5941622B7434475A4D394475506F324A6B3932386B757364677A51503949754364412F635535394D787A434A382B7776332F2F742F2F573879466348384E4D364152377066354371526D6163756551556B2B6177373368767468474E352B394C65476731384C39794C547666646D79487053723733496463456B7A334D7079334A7879665038625875612F39376E37437A6D622B65652B625A396A70335A47307A73674C543165327A393754432F4D7748714C383668353535446550666E7A352B334C452B342F35497474653158436A33636D32564865337071397A7A4A64387152757A644877734576686E765854424E50377255587553365937466D694B4A49387A3730336D4877385A645838445468617633776B6D4A6A6E2F2B75317254526936322B48373250462F76315A753977747648454F50667363776C2B452B3575343677436E304D4F396A32634C2B4B6F3550467161745463632F474B34462F6C386949395A6E765730586E7552657761544B49704F72656B3278357A7350585A396A703035476B7A4D66372B6C78473772623466765A366F51377064784471314475506544634838546436323533314975394C52773736756B78717858664C333231787A364F41623268494E664466666D397A5A764B39397051507357567757547171716B62647550706135724B637679725A4830657633546B33645759386C584F5943357A6B66322F394667737266453774733139313358535A716D7135613750617A5278446E302F484D492F7944633338515470734A634F76476646753539506F4444764744742F59483045653774634C446D54734B76686E75527A3934304830384C2F5A617267736D6139323762396930304A456E6966627636664A436332587435704B487649356A5976654272666B2B4F685073394E645A4833446D386351364663513642634838625A692F796E634C396C6F465854777233767165783946467A364F76756A58306E59536B632F484B34743450556E6536616258576E59434C7954305054374D33624D77764D484A395438506B614F2B4D726D4A692F4A3145554C5A6259626633742B4F5945446E634F623578442B3933744850703168507562734550475857787031543870334A753944464555725A713559476C5767364F4E425A2B6C5756764377532B48652F767A6E3377787556737745666D6E5A3944335132365558623579394277324F7A4C32426832667763514D64557539746B6565554F73374D43363563336A6A484172724850706C685073624D583959664D3166653452646B377A4576426A64506479377068667A75657770382F4539376D4A744F434463452B36582B4A6F467874636A367330376E57637465306F5566416154767539586C3968742F653077372B37353269647233546D3863513646645137394D734C396A5A6868374F6F365342667A4232564E4B2F7A4B6B394C7365643861684F3036777A4F5750542F4176734F394851366D4768794565384C396B71506E74733935734558657930724F57766173702B2F66514C76456271725864757476682B2B7978433375484E34346838493768333456346635477A464B4B71322B567570694E6A54556E365A57504E443853684D30536D697A4C6E4C4D573746335758496A502B453554316F5144776A336866736E52433637506837335A77625270476D2F6E722F6E62734766737A426E427843367863775878506238645A6C6938736A50707A75474E63796A4D632B675845653576784F35522F755A63322F624A762B62323270567A395A756674625633344B7A36525A4833337043744E59646E54596471626974584F434463452B36582B4C6A672B7068525375543972743352422B62596A7634476E78464D3745475672752B383537664435344F487472687A654F4D634F75364F3539417649747A667A46336D3239347A6976374B5156726D7857374C2B4153667652394C37372B325561544F4376644C345942775437686634754F43363674753248643577747A37622F304E5069755932494D713766586138397468642B426364657A664F62787844766C787833506F317844756238594D68392B61633376766A37345A45714D6F4F6D333937436D3374764135742F3255766230725A7A374962433463454F344A39307438584844745A7A447365522B6638334A504F544A6639356E42784F34344D4F3836377633744D4E6633716E502F7A75474E63386950753535447634527766304E6D712F63627466646D414E3779672B39726E74736C356B5675792F61356168445A33707244733539535042554F435065452B79572B4C726A6D7562486E57504D354C2F6355567A3379576D63486B366B537537322F4855664843653178352F44474F6554486E632B6858304734763647314D795363775136415736666B50464A7A76746157702B61617A71777A4E4F32744F5477373349753837782B394D3053344A3977763858584250566F4B63755A34476450653337477A67386B7744472B645033712B48766E746350306D6E4F6E4F3459317A794A2B376E6B4F2F676E422F552F59503768587A3374756C4733734370743034384E30376267626E725265694B3265484D4439723758613849747937776748686E6E432F784F634631353674616932375A50464D6538736A7277676D64756542506B426F37322B4858657178394D43736F2B3463336A69482F4C6E7A4F66514C435063335A662F676E6833773757432F74326662586D2F665964453838592F63666A363764327250774B6372777233495A7A67775A38306733442F3359764B5559474B6669327337414D78314F48757941667433624F3064777175436966324537614D7A6C646C336938384D2B48634F623578442F747A3948416F6434663747374D416452644570423376544E4635376273774C7A2B766C727A7A48726A6664736F3537657A7232326E5072394B70774C2F4B356A776A337A372B5950435759324F2B333576664250702B75754A4F3570376235796D41793952436976623864396C33584A456C4F475A6430352F44474F65545833632B686B4248756238344F2B4E7269397447724D677A4432386E6E733866476E4872525238433331334E4C726144646733445647415A7A47367A352F6C6547657846334F434463502F646938715267597663554C34564938397934616B37327265736F636D307773557673665078326D486678744250465A776C6A32375A76363379333834317A794B2B376E304D684939772F514E6431487A2F695552524A575A6137676E6A66393149557855656A495531546237646937554374507968625439613262543861436C7376586C66574763353937744B3276547263752F59523466363546354D6E42524F5262584E68662B7470716C76487A6C7764544F7A7944422B2F485859502F75763154326C68586465377277394E303778746D377565623578442F74333948416F5634663468686D47597641326270716D555A536C74323337636174505A554A716D6B61496F506F4C7932682B475056794E457231514645556854644E3872472F6639394B32725A526C36567A585054394B573239662B6D4A5044627055633368317542663544416666447664706D6835657468374C64773462577A77746D4B78742F4F36744C2F6242374D6C654D33626D473848452F4E3377396473783964763965763154316A6831765248355A332F70623369575A52386443475A6A34573434682F7837776A6B5549734C3977375274362B77424F626F6B53584A4B445A3672394766504573667872685039473357477069303168393849392F626E666A76632B316932666766432F624B7A4C7268725A7565366572794D616576596D5738466B373054445377707939495A7A6F2B636D33634D3959707A794C2B6E6E454F684964772F564E75326B7566357268396537546D33423156475558546144362B753739555841312B50363935725338336874384B39794E3866564D4C396379386D5477776D356A4876366E6E634F2B4F47543176477A6E77726D4A6A6279666476787A414D55746631354633664E65646A565657583968627678546C306A6965635136456833416567367A7170716B724B736E53574B6552354C6D565A53744D30487A2B7762647336422B796553572F5A356E6E2B73613536793764706D744F6E71775141724B646C6E6C4F2F33316F69576C555677517A3449734939704F2F376A31365A73365A424177414177486B493978415264323138464557585452734A4141434134776A33654F4E36754E485A5A546F41414F436574427A7236676B7073422F68486839636466672B35384148414144335A7A394938387270704C45663452354F726A72384B496F594A4155417749397750563848393065344277414177416658464E61345038493941414141507652392F316157732B637038626765345234414141424F444B6839487349394141414145416A435051414141424149776A304141414151434D49394141414145416A435051414141424149776A304141414151434D49394141414145416A435051414141424149776A3041344B64305853646C57664A514867424249747744414837474D4177537837473858692B4A3431694759666A324B67474156345237414D44504B49704358712F58754A526C2B653156416743764350664144796A4C557371796C4B5A7056762B6276752F486639653237596C724231796A62647378314B64704F76352F796E4D41684F516A33502B762F2F572F784677493938447A4A556B794270713136726F6577382B57526746775232593554705A6C49764C3376456953354D74724277442B2F506E7A3579334C452B3642414F563550676231767539582F52734E516C4555555A654D78394E7948504E343772714F3868774177534863417A2F414C6B6459596A594769714B345941324238356A48763330587169784C796E4D4142495677442F77494D37436E6165727377652F375872497347312F4862434A344F6C63356A6D315032526F413342586848766752777A434D495561584A456B6B54644E784D66387569694A364D764634326A4D2F5631356D397578585658587847674B4158345237344D65555A536C52464C30466558764A38357765657A796557564F2F4E436A63724D6C664F793446414F364963412F386F474559704B35724B597069374C58503831797171694C5949426836664B385A4E7A494D6732525A4A6D6D614D726757774B4D523767454141494241454F344241414341514244753857686431306C5656572F6C4A61366C4C45757036356F426F7341506174745779724B55504D386E66794F304C49336643477A56393733556453316C575335656835716D59547754546B6534782B4E30585364356E69384F437031616F6969534C4D756B727574566E32664F673331464C6537574F656D5030454745567A796C5532666A755870367A6176333339526E58786B6139783544356E6E537475324A61336A2B6356375839647530726C742F492F493839373750726A793358637A766541567A4271347478354E3533766861664F7637586F7169474B645A33626F6B53534A3158525030635172435052366A62647550365271762B4D45504F647A624636597A413669353736626D477A2F4458634C396C5932615877373364563376446C79755A65715A454873513774653563376A762B2F37746D5346486C79694B6D48345633684875635876444D457A2B6D475A5A4A6C5656536475326B384770367A70706D6D61385A5571342F3066544E422F623838796E306472622F716F4C326C33432F5A574E6D6C384D3931335866547A4851634E546E75657A5A586E444D49796C4F36373338485873454F375873527646633655756178636670686F64535A4A49575A614C31364736726966764F69644A516B6B5976434863343961367276766F6859766A2B4E4474544A3047636D305A53716A68336D77773663556D69714C5450733931312B574B69396D64777631566A5A7066432F6431585838454A763264324B5076652B667A494E4930505854336858432F7A6A6650575A6468474A792F58336D6537373672307A534E383847426534395A77455334783233566458324C3235636868767468474E342B7736784E586E72597A31367569324F534A4B65587174777433462F78354E39664376646E2F6B37306666395274332F6B6D43586372334F6E634F39367372665055693158773553416A364D493937676C2B344B644A4D6E5848713455597267337432395656572F2F6656627069486D684E79396D655A3666386E6E714C7548652F4D356E4E32702B4A647A6276784E78484A2F53634B71713675503361412F432F547033436665755948394736574C6639782B666331596E4333344434523633593134414E66783963306142454D4F39655348702B313736766E2F62356D6473622F4E43623465794D33757137684C7579374A384B7A45377331487A432B48652F7030347538466B48374E3739682F68667032376848763762754F5A76314E32512B4B4B4F337749462B456574394C332F5673503535577A716B774A4C647962516437736754544C4438346F6637497639486176396C6B58736A7546657A75516E68555751672F33777A4263656964453251462F612B3871345836644F34523775365475696C495A4F2B436650543078776B57347836325946344F724C74684C5167763335747A325A6F67336738735A467858586864362B6B4A3278762B3855376B5865742F395A6A5A72517737335A454C323668394D65694C376C6D435863722F5074634E3931336547374E45632B32327934666E764D415A364A63492F624D4D506C6E57354A686862757A6449514D356A597661472B74372F72516D2F6671546D6A6E7656753456376B7331486A57386A683372373763665567652F733832584A4D456537582B5861344E396637366F66756958794F31626C444A78656568584350577A687977547862534F48656E4E766556664A6B396B72364474705446337037766E336641386E75474F375062745345484F374E342B676241566E6B73794E6962666769334B2F7A7A585057626A79656652354D4D547468376E513978444D51376E454C357355796A754E76723836626B4D4B395763376771694531673762764F652F6E4C765232715972506D5A4875474F35467A6D33556842727537584B4A627755766B666677746662754165462B6E572B65732B5A76354C63616A794B66445568674338493962734738554E35746A74395177723035742F336378634C63467A3444353979462F7379425A48634E39794B663964752B476A5768686E757A45666A4E344757767939726A6C58432F7A72664F57664D333874754E523374646D426F54577844753858566D62397764367774444366666D584E317A4138544D304F4A7A74714B6C433730396B4D785871637164772F315A6A5A7051772F32644F67487375776872476D61452B33572B646337653751367965526668796B4739654437435062374F444A4E332F41454C4A64796249584C75516D7548466C2B4E72545558656E7571515238423838376858755363325446434450646E485A644862473173454F37582B645935613462704D776233623357337867616567334350727A4E4435376437343178434350646D4D46707A6B54443369612F5A534E5A653649394D4E656879393341763472395245324B344E2B38386662736B5232304E67345437646235317A70714E37472B57354B67374E6D6A7844495237664E335757397458437948636D336448316F51514D306A354B68565A6536456668754774522F546F4E6E6843754266356E4C763979495538784842764E7672754D6E754975582F58664166432F5472664F47667470335466785A586E4A4D4A42754D64586D5265377538344945454B344E33756B316A5367374175646A3062586C67753933574E315A4C732F4A647A37624E5345474F374E342B6375677775332F6E345237746635786A6C723770733750526E5733495A5850394D427A3057347831655A3551683375645675653371344E36646333484C52386C312F75765643623934394F4249326E784C7552667731616B494D393366737762546E524E2F7965734C3974472B6373317676776C7A4633495A3375574F462B7950633436764D4839513744715956655836344E3050366C70346633344F35396C7A6F665A537150436E63692F687031495165377539536532785056376945634C2F4F74385039485162544B724F6B6B6E435074516A332B4B707650325A3844584D647231364F426741376647774A52665A5467342B5751757935304E756C4B6E756D356E78617542643562395445636277357A49596537752F6B7165482B366D567675492F6A574E49303362327344657033765262646462317762345237664E555465695765484F374E587541397764676378486A307A737265586A79373947467233656B5477373364734E71363730494C39336135307030513773384E3931663968706F4E366A746469776A3332494E776A363936516A32687A31366B4E59733544655852414842306D6C477A58762F314F6C594F7354666369337865374C7575322F56766E784C7552593431616B494C3931747232362F303148422F397539596D716137703562385272692F363757496349383943506634717276326C706965576E507636386D2F7670344B65695463322F392B53366E4B55384F392F652B334E477043432F64336E615A51354C6E682F676F2B6175377A504A65326258637661382B5A4F3036314B6B4B34787A364565337A56453336346E687275665A58556D4B5654523661494F7872753935617150446E63692B787231495157377531317534757435554B452B33572B50614432547465694A33534134583449392F67715A737635354373412B426F4D61776559765850654877333349702F6C475776754A447739334E754E6D6A586E53656A682F6F35545961365A5559707776383633772F316470384B383478506363552B4565337A56585839515455384D3937366E73545272392F644F452B636A3349753833306D496F6D6A7874767654773733493539694870597438694F48654C412B3753376A662B70774F77763036337A686E372F724D6C5473653937672F776A322B6969665566764952414D786275556D5353466D57687861374E475150582B4665354C32786B53544A624B6C4B434F46655A46756A4A735277663863426A31766E52696663722F50744A395265745833574D4E66704C7339337750305237764656396B4335765355665A337061754C653336526E4C6E6A49666E2B472B372F7656705371686848755239593261766365512B663533432F666D746738596A7573414143414153555242564E777A7265735A74705A4D454F37582B645935613236664C544E796E57567232526567435066344F6C2B7A735A7A6C6165486566734C70476375653852452B773733495A366E4B56494D6A704842764E32716D656F7633486B4F2B39394563387A68647332334D2F583258753378624F795949392B743836357731473764626E3664786869654D53634D3945653778646561734C6E66706B544D394C6479626A6157794C41394E4932637564714E68367933694D344B6A58617269436C67686858755264593061482B482B36424F4A6C327A644E7662546C722F647332727568375739716F5437646235317A70712F4A3365344668313954676C2B462B4565582B667A51556C6E65464B3474326532386230747A56376A725265624D384C394D41776670537132304D4B3979487544324E576F3258734D58546E58742F6C5A6134386C63797A4A743373797A6656664F386963634C2F4F7438355A587A4F442B57435856393774756F683749397A6A46757A65356A743555726A334E6266396D7666664F756639575355665864664E6C717145474F3658476A56376A3645723639724E39562F6243322F4F61504C4E774C4E3372424468667031766E72506D74576A767A47412B6E5031626A724152376E454C356F2F356B6165706E75464A3464375833505A546A7652736E566E506259632B38377548474F35463568733165342B6871326176736B7473747268445234415A76505A7558384C3974472B65732B5A76796265755258626A6B536B777364564875502B662F2F4E2F69726B51376E47467655386676634A54777233767565326E374F335A4F6E7577356C537053716A68586D533655625033474C4A4439316C31392B5A36627A3358376539386465323933634464636977543774663539744E697A642B346231794C7A504B7A4F3832356A2B6634382B66505735596E334F4E723749763258515951505358636D7865454D32386E6D774E72747A51697A673733777A4338585A523132345563376B5865393776324E42344A6B56665574523939367562534F49757A324F565157344D66345836646234663774544E786E6548626A56654567584350577A4576426E663559587443754C647634353635336662654D7235696D6B5737563155667768567975486331616F3645534474632B423555614F366A76575550396E362B7169625A766A75306464304A392B74384F39794C6644616172376757326156326478742F68756367334F4E57374B427931592F716E43654565334D64722B6A4A4E432F616134505656584F6F6D3363576F69693664415959323158486A6831327A536E39746F5A497530544F64776A313961525A633974654566444E3432687662793768667030376848763750446A37576D51482B79767653434538684876636A76306A742F6657765339504350646D672B694B68362F734758523235514F537A4634337579662F536C63654F314D504C2F50784944526677666C6F7A2F66632B2B6C362B6834414F517A44782F4730392F6549634C2F4F48634B39794F65314B497169553336376D71623543505A336D6C51437A304F3478793235416E36575A56354C424E623277747739334A7576663732756D523751486E69354A757863476537744F30432F454F35463349326176534853724333334566423939487976656438346A7230645830335466427848527A6F614350667233435863693769765255565265506D6448596268342F676C324D4D48776A3175712B75366A34436849574E7679422B4751657136486938366139773933482F724362396270774F384D74794C66445A36666948633236554552304B6B363732534A4E6D38373971322F5469506657384C73777A4A2F4E35376A7A507A4E384C73745431364235467776383664777233495039636975354558525A47555A626B72695064394C3056524F4D3956676A3138494E7A6A316F5A68634636344E5767555253464E307A6776484833665339753255746531464558686243697363656477627765774B38755837426B6C6C687063563464376B632B36374E44447663686E6F2B5A4969485346477530643133505076674F6D3531315A6C73357A377179794D62753077567A58504D2B6C726D7470322F596A504856644A323362536C56566B6D575A387A32534A5046536230323458386338622B49346C6A524E76537848754D717A7A48315A6C715730626674786E4F6A73565533545446364837744B495154674939336945746D302F65744B4F4C6E734771393474334E753137316662386B4368623452372B334E2F49647A626E2B736A314E696C413373576E2B5579632B74616C71557A6F4F39645A35384E5A734C394F6E616A334E6669672B3972305A453730634155776A30657065733679664E383938553754564F70716D72546A2B6D64772F3265575774384D752B714C4D31352F363177623937642B4A56774C2F4A33652F734B6B57336237677235615A70655069422B47416170716D71796C33527079624C736C48556D334B397A3533437639487A59637933534F312B456570794663492F483672704F367271577369776C79374B505737425A6C6B6C5A6C7550746541422B614E6C4E6E756554353133544E4C656F48783647515A716D6D5678664C616D6F716F726643657A53645A31555653566C57547150727A7A5078334F4351493872454F3442414143415142447541514141674541513767454141494241454F3442414143415142447541514141674541513767454141494241454F3442414143415142447541514141674541513767454141494241454F3442414143415142447541514141674541513767454141494241454F3442414143415142447541514141674541513767454141494241454F3442414143415142447541514141674541513767454141494241454F3442414143415142447541514141674541513767454141494241454F3442414143415142447541514141674541513767454141494241454F3442414143415142447541514141674541513767454141494241454F3442414143415142447541514141674541513767454141494241454F3442414143415142447541514141674541513767454141494241664954372F2F452F2F6F6559432B4565414141416549592F662F36385A586E43505141414150425168487341414141674549523741414141494243456577414141434151684873414141416745495237414141414942434565774141414341516848734141414167454952374141414149424345657741414143415168487341414141674549523741414141494243456577414141434151684873414141416745495237414141414942434565774141414341516848734141414167454952374141414149424345657744414935566C4B564555796576316B697A4C704F7536743739506B6B537171767253327545736456322F3766653262642F2B506B31544B6376795332734866422F68486744774F47336253685246306A534E744730725A566E4B362F57537369796C62567570716B70657235663066662F745659564872763065526448486672636265734176496477444142366E4C45737069754C747A3771756B7A524E3566563653527A48306A544E6C39594F5A796E4C55764938662F737A65372F586466326C74515075675841504141414142494A77447741336B57575A5246456B777A42386531572B4C6B315453644E30396575627070456F69696A442B54473633796E44755A2B3262655831656E324D695867794C6632374F384939674344732F6448564339433366374370465836334A647A336653395246456B55525A7361424866574E49336B655436576D2B696933374573532B65785574653176463676513655706352784C6B6953372F713239767661534A496C6B57535A5656523175694133444D4F3733766573375263647754433178484D2F7568796462326F647A69786E6B43666666513767484549516E682F75753677344873744273436664706D6B71575A57505965384C466430726274684C4838526767387A795873697A484A63397A535A4A6B44464E5A6C7233392B3245596E482B2B35664E6672396675575962534E4A55346A742F57325679794C42752F332B76316B6A7A506434643850556147595A41346A6A2F4759427868447442324C665A2B534E4D306D424262312F586B393962764F7658333572346B3348385034523541454A3461376A575932494D456639336163462B577053524A4D70597936663538596D39715552537267324C6639314A566C664F3479624A4D58712F5872764B75504D39332F31755239667574363772787336496F327479777261704B346A676531314D62794C36437041625A4A5833667630334A2B6F546764385357373069342F783743505941673343336372773035575A624E6C68537344526D68576250397571357A316C75585A666B572F4A3541673636503431424C63376232767575646A3732392F694C627830726F506E79395871746E4E394967622B39334F2F41667366573847345A68374D6E336551666862676A3368487341754D7A6477723276554B35424C61514C35427062512B4B543654373265517A757155505839546779686569652F6159422F3036447966656376326241442F56384A647754376748674D6E634C39336D65537852466839386E7841766B47723853377257333350643331547342572B725A6462616D492F627574365A70786872384F396A624F4E6642336234482B4E3446345A3577447743587555753448345A686E506E47523144526B504672557A7A2B53726A584F6E76662B316644387472536E4C3776765A5355484E6C76535A4A3461524437634F544F6D2B37544A34373757454B344A3977447747584F435064624C30376D6C484136693866555A2B5A352F6A5A72534A496B62344D4B6832475175713664766272322B745A312F545A39585252466D32596847595A68484A68717634642B64352B312F3333666633782F485653733637776D4A4F7067527464336E777457396E353166582B6438575775544D5248622F50524776656C39313762672B78724B74596A3456375859616B737948582B364862304E6550556B654E6478775334476B7062746F397248625932396E58324A462F6A414936452B37336E6D644B4F453733445A4D34597458544D2B50724E395033626578624350594167334358637A77584C59526A476D55783036723636727156706D6F2B514F746449305058564774386F6971516F43716D71537571366C71496F7868726D7062436D4477485369314A5656655036364556597038627A4565373166637A76722B7363782F47347A6B7368794A787052623937307A52763333317176356E37566575394E5754556454334F51714F4E72716E6759633646766F657578316C546F4736354B35416B696352786650677A6A34523744635654353746392F756A2B73732B66755832323174486A66617255366D6934333371485252744D76734C6D336E4466645A334563547A7574365A703373367A705948515656574E6756366E6832336264687738763353587974647670766B2B615A714F3732502B6A6933392F6C7942634138674348634A393350726F47463537694C557475316937374E2B6A6A6E5074303172662B63436D33342F6E5350655251645A616E4136777077376649714F565569535A445945525645307552313165744770415A7236766256684D7857556C6E726D6C2F37396B724E4C7270624373763236765850626D343657552B6E7861444E44325A727A35326A41507872754E6669352F767849754E6633574E7351577A715074746F54377655386D54715074494539743535706D6B7052464A50375642743955372F56766E347A7A66655A4F73624D592F56624138514A3977434363506477727866714E62323065724762757457735056314C41576275616155366B484E4E3259612B7A35477773325673672F626D7A5633736C2B35497A483133585A63317A7866594D7A42314C51306B5A394C65306A6B2B362F3539684876587639643158444F546A35342F5238716C664954377157422B4E4E79766E5548726A49666A37516E336138367A7059627530766D75647A536D50736648622B6157397A6E3772747753776A3241494E6A6C4C4675584D384F39317231754352743675336E757536355A72366D5173375858574F3836374C576C743147333139456578366C747276743154632F616D553850396E45335A4D6D61775A3148362F35316536355A6C6F355A31333766652F3463616244634F6479763352362B5A75777937516E336138347A446564483768374E2F6362342B4D33632B6A3578484A38326E6D594A34523541454451555444305766653478386D6548652B304E326A4A59555339327270354B375431615979704D624C337748416B3765793763506D624C6D53704A305032364E697A75765375305A4575343378755935775A336976777450547253654E47427A646F673162707131374A6D774B4B397A2F594D396A306146753863376B58574266656A64793963396F54377138347A6263684F766666523330796637334D32776A3241494E79354C4764764439705550666557586D335842575A5038446B5364765930626E7863474B6665592B763070336349393636677250392B3666696347797A72753366336A4C4B63492B66503370375475346437625A524E6C536E744F65665732425075727A7250357262583064394D332B397A4E734939674344634F647A762F5A47662B6E6462767176725066624D5033306B374F7A35743175325764643134347770655A365067786D6E4C73532B423072767058654E39744C7475765139706E712B393553374C446B5361485239374733742B2F785A343269346E3770723543766369387A6666644D426E373774436664726E336938397233377668396E79696D4B59697A483054745A523964374B647976485542507541654167776A333639386A68484376632B57623831334863547A4F7171456C496E634F397871363930365A747A62635430326665456276377046414D3955622F625277507A6533764D39777232556F646A32373775387A786F6E734366632B7A6A4F644939392B746B4761707550556D484E33776E794765782F76637A624350594167454F3758763866547737302B334573662F4455565470664B6372346437706671345A65734466636937744963583350626D34344547723254595966567034563762545335657178396876757045462B5735576E544D48346A334E747A35452B3933314A5A4475476563412F675963344D393064764B2B73544662656171686E3246653633394F7A35435064625A69365A756A4471464A3572536B6E7548753546316B31564F57564C754C65662F75706A64684B587659466D627238654F582F326C6877644F64376E5A6D335A5569367A5A6832534A506C34767A5654542B37316A5843763232797073554B342F347477447941495A3454374C6538373938436750624E397A443159794D63465A6D75503864784D464575324E704A455A4C4B6B5A7373544E3663656A484F6E634B2B397648744339705A7762396658483530716373726551444D33312F36657036782B6137616370646D4874727A766D7563673650476A3230615062643844616458563458374C564C527A32347477543767483845426E686675315530627152647631506B73505748475A653369536A77754D396F61757558577676617048426868756D626C4539346C72766465474977315A64772F33496A492B7A584A72494E7353376B5865653844506D6F4E375436425A617544734F582B6D36744858326850753965465A6339743137546948746565634E747030322B563566737041576E563175462F3748726F644350662F2B416A332F2F322F2F33637846384939674363344B397850315147622B7234664233704E76592B476A5455584F7532746D6E75517974454C7A4A346E7868344A393275447144363666536E637A2F58696D6F392F66304B34313143344E6542764466646D694E35616C725857316B436A33324570754F3835662F614F5A5444586136326D61635A784945752F465776575465766D313678446C6D5553782F464830442F4474384C39307246714471342F757436686848737A7978507541547A53576546654C385A5A6C6A6B76326E33665335496B593243616D2B3142412B66637862647432385751344F73436F364639626E33306F6E6D6B4C45666B2F6674505865794859526A58643271397A6633686F767444703867374D397A7233514566396330613850577A6C6B70516D71595A4730467276346547503231496E4746746F4B6E72656C7A2F4E5348635048376D797276576E443972724133336264754F355342706D713736544433767072354856565553782F48716330365077364E334B396234527332396A6B747866613968474D6137466454632F3057344278434573384B39794E3865543532746F61357271617071444C34613770626552384F722F5635315855745A6C6D3839316E4D58614A385847413061756A354E30306856565649557858685237627275384C7A6649702B39386A727A68633550727A33745A7368337366654872724F395038344F3937704E6A6D34584E517A4447425231472B6D306E72716B366438352F4857326F43313066353831344649486B35727272497332754D7A76743258474A76503830544333352F785A7779797A637931613471534E7053323935655A356B47585A65417A72643941374F46764F4F563258732F61722B6B61344E2B397346555578376E50396A644B47484F482B4C38493967434363476537316465594658532F4D5A752F62326E566F3231627950482B6273316C726F4E64634348316659467A664C5531547161707144456B2B77723271362F6F7435476D6473766E646C39626258756374372B4737352F35492B59644C313355665156692F6F7A614B396736593148552B6138436C7663367539532B4B3474446E36373766652F3673595462635849764F7237356C6B4C684A773669476650304F525648734F7565326C433064385931774C2F4C337552626D506B2F54394B317853376A2F6933415041466A6B4D397744384575444C79424375416341724B416C4C7744753561786E46754335435063416745566E545A3049344269397133626D51466F38432B4565414442727A784E7441567A6A7A43665334706B493977434153634D7753427A4871783934426541364F6E505532514E70385379456577443451547256336C7867373770756E4D316A37367767414D36685530522B61305957334266684867422B6B443746553665514E4F654C4E36666F5733706F4549447236487A345256474D6337397A52773032776A30412F4B6868474B53717172634849356E7A6B5A767A33415034506E3053746A356E592B6C4A7876684E6848734141414167454952374141414149424345657741414143415168487341414141674549523741414141494243456577414141434151684873414141416745495237414141414942434565774141414341516848734141414167454952374141414149424345657741414143415168487341414141674549523741414141494243456577414141434151684873414141416745495237414141414942434565774141414341516848734141414167454952374141414149424345657741414143415168487341414141674549523741414141494243456577414141434151684873414141416745495237414141414942434565774141414341516848734141414167454952374141414149424345657741414143415168487341414141674549523741414141494241663466362F2F62662F4A755A43754163414141436534632B665032395A6E6E4150414141415042546848674141414167453452344141414149424F4565414141414341546848674141414167453452344141414149424F4565414141414341546848674141414167453452344141414149424F4565414141414341546848674141414167453452344141414149424F4565414141414341546848674141414167453452344141414149424F4565414141414341546848674141414167453452344141414149424F4565414141414341546848674141414167453452344141414149424F4565414141414341546848674141414167453452344141414149424F4565414141414341546848674141414167453452344162756231656B6D617072762F665A496B386E7139704731626A32734641486743776A30416E43424E55336D39586C4B5735657A7279724C38654E3252634A2F6E756278654C366E726574652F42774138472B456541453667345836704239316E754B2F72576C36766C78524673577564415144505237674867424F593454364B49686D4777666D3671584366352F6C5671776F4143416A684867424F6F4F452B69694A35765636535A5A6E7A6456506866716D634277414146384939414A7A41724C6E584161355656583238626937636C3255706352784C484D646A715537544E422F763066653935486B755552534E6E35556B6952524649583366763731572F79375063346E6A574B496F6B69694B4A4D397A47595A42327261564A456E477A387979374B4F7353442B444267674133412F684867424F5949623776752F4848767975363935654E785875396655364D4C62762B7A46556D77472F36376F786F4A7368764B377238632F4E7A7A524C6866545074565A66317A6C4A45686D4751595A684741666F6D703835313167424148775834523441546D44506C714D42576F4F7A6D67723372703778746D302F4274747144377472304737544E422B76312F65325A394D7879346A4D39657637666C7876414D4439456534423441537571544331463979637A575975334C73473465726669626A44753033447635626E6D502F65704F76684773673739573841415064447541654145376A432F54414D59396A574D706535634F39692F70337233303674682F62734C34563731337352376748674F516A334148434371596459645630336C722F3066552B3442774234526267486742504D50614732717171786E495A77447744776958415041436559432F666D332B75734F48764376646263543832684C374B3935703577447744505272674867424D7368667468474D5A67767A6663692F774E372F59556D794C76553177757654666848674443514C674867424D7368587552767A337652384B394F632B394766444E6565374E575864386848736559675541393057344234415472416E3349694A465552774B39794C2F425077737979534B6F72456E50306B534B637679597A704E6E2B476568316742775030513767454141494241664954372F2F70662F367559432B4565414141416549592F662F36385A586E4350514141415042516848734141414167454952374141414149424345657741414143415168487341414141674549523741414141494243456577414141434151684873414141416745495237414141414942434565774141414341516848734141414167454952374141414149424345657741414143415168487341414141674549523741414141494243456577414141434151684873414141416745495237414141414942434565774141666B545864524A466B5552524A4D4D7766487431414A79416341384177412F70756B35657235636B53664C7456514677417349394141412F70713572656231656B75653535486B755552524A6E7566665871316479724B55312B736C6264742B65315532652F7132787A305237674867356C372F2F692B376C6E2F396A332F7A766935356E6B38474B533335534E503037632F544E4A5858367956706D6E34736456325072787547516371796C43524A78744B52312B736C575A5A4A313355666E396532726152704F72347553524A706D7562744E655A37786E45737239644C346A6957504D2B6437366D7631382F58344F557159566E377658787232315A657239657170537A4C32666571363171694B4270373838396362365668334E656441392F68766D316279664E38504635657239643458466456356132635352745935763843506844754165446D376844756832455967373072534C56744F3462737158432F52494E36575A5A6A674E4C336A614A492B723466583275576C75687271367153312B736C525647387661346F697263677232484B666B38526B537A4C336F4A57332F646A59384E2B37647276645957702F544A484732506161367939794B35476A30396D6150627857543744665645553433466C766C2F6639322B4E50727352755A573937624D7375325462347A635137674867357234643774753248514F75426A4D4E507472547259484946653431794333707573375A4B36727662355975324F75684E48417642543174714A673932787236376658586E764B39332B734B65384C394E2B6932314961673252446253343850752F47316C526E737033726E4E5A5437617067415A7944634138444E66545063393330766352784C55525453392F3148654D377A584C49736B377175547776423976764F4451673161386E6E6143413077373332327274365A62557859515A49777631325A714E4B5336534F30766336776D78304C4A58645444554367627367334150417A58323735393430317A4D2B462B365042434837665633425850563976796F307574356A4C7178724B4458726F75385538467A6858687441576D356A6C6F454D777942465562794E5255695335474F62367635756D6D62787455754759526A585132532B4D62586C63335666646C30336C72666F5861617038524932313532634F626F2B326E732F642B79342F7135706D6E4664347A69574B496F2B7870626F63563855786267507031344C6D416A334148427A767837754E6278704359634773616D36357A5539366E593430306242314344507163624133634F39586475755154644E30343942786270647A56495A63384379325442777658614A6656646C3769374C6C732F5666524E466B584D4D78707142752F705A61307437374D62416C6E4466747133456353783158592F72616A352F514E6642764A746731754E506A554D42464F456541473775796546652F79794F34376665317A7A50567755547337645858373955567A3858744C516E324F36466E3271594B447663482F31657673324665316476744B7333657869474D55777163305967313275336C4D4E6F5437335A6F4E425162612F506C733831772F33552B7979564B3233394C766278734358635439314A304A722F71717045354831574A48763939625662373537674E7844754165446D6E687A7562634D7753465656483732524C6A70546A5233457434623775713766656F4B6A4B427248454B786439376C536F4B33663677787A3458354C59384F65416367736A356C36375A6F362F366C794B5665353039625074652F736D4A62326D376F7933452F5259394275514C7275504B7735312F43374350634163484D686858756C4A526C5A6C6A6E2F766D6D614D5368766E52466E4C6B774E777A444F375736584F68774A3932752F6C376E2B613561313457307533452F702B31367171704B694B43524E3037476532337966755732394A64787269597A325369736448443031666571617A3533624E33634F3930335453466D576B6D585A572B4E54743858634D556D3478787A435051446358496A68586D513639476A4A515A716D73772B5032685075375858566E6D526634583774352F73324665366E3673334E61522F4C7370774D3837374376546D332F645269336D483456726A66576E4F76647879326850757536386147564A376E557465313948332F635177533772455834523441627535587776307744474D5A7A6C7759387A46626A75767A35774C6156506E496D766539776C5334642B324C706D6B6D2F303633763839777237337A5533637A3746727A725A2F7249397A624479396259672F4133524C753757327337503143754D646568487341754C6B5177373172384F6261674B5568794255573138357A4C7A4964756C7A3138713535376C3163332B734B57384C39564F4131423676364450644C44534D4E2F326144374F70776239374A575A6F365530754D7A4730374E5444594E5142347A523072633530493939694B634138414E786469754C65664F6A76335943715871616B4C7035356375325A644E62545A44594D744479317950553333436A3743766636353733412F4658784E3974536B563464376B622B4E6B4C6C3935357179556D52367A6E3439707062437663344B5262694844345237414C69354A34663771717265416F2F4F4B714E42586750666C68416D3872663358742F446E4150644447646C5762374E4A36372F646D705747337432486E4E4F63664F3161372F58566261456531637674526C4366596237756273734A75323131686C7676684875526634472F44524E332F5A333133586A4F72714F473963323165504D44764F362F6C71475A4D344B5262694844345237414C6935703464374453373676326D61536C6D57627746595131676378354B6D71584F78707A70736D755A746E766B305454394B5035716D4764665A6E492F656E6770546D59304566572F583350567276396456746F52376B622F6254734F6E44717A315061423262616D5633726E5263715A76685875526634356A66587173626C64394B7178754B3166706C726C4E39594661657466484450666D4D6161767A624C736F39794863492B394350634141414172614668335464454B3341586848674141594355743156707A52774C34427349394141414145416A435051414141424149776A304141414151434D49394141414145416A43505141417546786431322F5452725A744F38354777304256594C2B50635039662F73742F45584D6833414D41414E2B694B4A49305457555942696D4B346D334F393238384B774149785A382F66393679504F45654141414165436A43505141412B4270394D6D75534A4E396546587A4A4D417A6A73774E344F4E687868487341754C6E58762F2F4C7275566661543838785141414858394A524546552F2B5066764B394C6E756554462B437536385A5343314F6170764A367653524E30342F46724B3065686B484B7370516B536359536A6466724A566D575364643148352F587471326B6154712B4C6B6B53615A72472B626F737979534B496F6E6A574636766C3852784C47565A66727832376272712B755A352F726175615A6F36312B454D7239647256526A5337335448304E52313356686A2F3371397043674B722B39666C7557346E5A61574F3236664A6672393748504F31726274717464395335716D6B6D585A654435526C6E554D345234416275344F34563644374651514D702F614F5258756C3268514C387479764C6A722B305A524A4833666A362F56554A676B79666861375145324136495A616E53647A65396968386D3136796F696B69534A764634767161707158436664426C6345664E30585332486F7275462B4741614A34336738586A536F6E726E743948685975342F767A6D7938754271723673376858723944323762533937327A67774462454F3442344F612B48653762746831373037586E32777A4B656E4857734774666D4E6547716137726E434656337A2F50382F485037505651726944724372566D4759445A61466937727472546E47585A32353972694C7169784D5473645A344C5133634E393938516372696632386433447666776A334150414466337A584466393733456353784655556A66397839424D63397A79624A4D367271654442424877355439766D61767655314474396B516D4F494B7657765856554F56713766307176426F39747962647842736850752F5167333365677A456365787349425075667776684867427537747339393661356F446758376F2B454376743935344A31332F646A79466B7946653758724F75647772334F462F3936765A786A4536623257644D30622B4D6264427943336F485231383939562F50767075356D4B433246306B61494F575A423738533478697A6F6E35646C4B5845637A373532695376633635396C57535A706D6F37765839663136752B2B64313358376F4D705A7331395552535432332F713348547467797A4C506D723535786F4835742F702B5264466B584E3958636549766132534A506E59336E6F4D362F6161657930493977427765373865376A566F6148323868735370594C636D584A746C4F575A50353970316E667175537748584A374D556F326D61795A3562317A3754395454484C4852644E34624B5065462B61707371382B2B475952672F537763713933332F3857663650665866756C36374A654450685874372B356B6C5A3176432F647031336249507074676833423448596E3948383368313751507A50666545653548334947374C73757A74372F5263316A7474356E6759382B36624F58446539567266413747666A6E41504144663335484376663262337A4F56352F6C6272506B55446F7A6D6764716E4D5A4532347478734D653962564469486D45316658664C656A3741446F436B55696E39764C3746323151376A2B335A35776236364450624F515853366C723750663039587A712B746A763159624E4673616A6B7668336A366D396F54374E6575366452394D73634F394475714F6F756A744C6F3772334A7A61422B626637516E3355365678396C3031665A337250665838302B39677A6D4A6C476F5A6831666E2B61776A334148427A54773733746D4559704B6F715A7743785466586B4867333335727A716337504D4C4B3272755836365246483074616B777A5A35596378337337655671324A696D5872386D3445344662764D397A55446D3276373235382B39646D75776D777633726C4B757665462B61563233376F4D7072716B777A547343396E6330587A653372766272743452373362393277385865586E4E3358757A587A74304E59457A4A4A384939414E7863534F46654C5A57764E45307A68756F314D2B4B5970674C664D41786A575543653536766E306E617471396C4461766149362F76506C516E6F2B71395A3572616C713364584278765033656C59326E354877723349333135582F587937783362704F4E4861635733517A5156346E2B486574543537772F3353756D376442314F6D35726D336A384D7459583372362B66754370694E637675346D4E7457326B6A5533762B35375547342F30533442344362437A4863693078663344586370576D36716D64337A66743258536478484573555252386C4933765764573464374A4B4373376A4376636A6E45312B76447665362F37547557312B6A2F3633486963356E507256634865356444624B6E686E7439686F4432646C3864376A576361345059484C527362342B35593044334365462B47384939414E7A63723452377336786B6267614D7262506C6D47554B65774F33766137325A36786450352B6D777233493335376273697776442F653644375278596666592B6D6F454C76326479317934582F7639357637754C754665355030756A6C307564586134462F6D3733383242722F5A41366258376A6E432F446545654147347578484276317555714461524C506574327236444A48737A6E65704C7456713531765875344E32657530662B314239354F7A5974765438506F65764B76306C35362B3775616A545237582B6E3258444E6471666B39742F366479395A77762F57377231335872667467796C79344E2F2F65666E723030705356646D4E6737746B53552B4D737A4F336A2B697A396A6D73476E785075747948634138444E68526A753761664F7A6F5548463966545A55552B6E3178725437323378397754636C3133417235646C71504D4947752B626D34417157766D6D4B6C3959355A2B324D4659513745753976616647794135395432332F70334C316E432F39627576586465742B32444B5572675865522F6A5962354F2F397A566D48624E546A4D317A616D65592F5936364C6254785734674C5130716471305034583464776A3041334E79547733315656573842546D656773587654742F5A3261322B68767366552F4E686277742F616462552F58305038314471635A553041314E35542B33577539577A626467787739757431763573506F4E4A5135397076356F7734726744623937317A7748546274704C6E75584E576C376C74734E6257634C2F317532395A313633377747564E754E647462622F4F4E57326D65517A62723366646858484E695738795A354E7939644337357558762B31364B6F6E6837356744686668764350514463334E50447656374139582F544E423066657151304A4D527876446934546A564E382F4555554C735830677765553473476D375872616E356644586E6D76377671695A6C72412B4255695966727961446D4E6A42666234592B485A6963352F6E73584F6C6D3362394C332F664F4A39515752664557424C38643772643839363372756D5566754B774A39794C5470544E643134333779667875552B39626C7558693032784E326A6965576A3939554A6A7232524B7578695868666833435051414147506B4B532F5A4157717A33376343366464447A6C4B6D486D754663684873414144436171713365776C63342F46552B3973455263774F4A317A4B664C763274372F477243506341414542452F6F61367159654C725557503758362B39734665356D446849345043375A6D7263423343505141415079625038386E42772B5941797A334D3577706732706E3759493236727157717172657971613772786E722F49364863484B784C5764623143506341415077596339436D505A683162776D464F66316C6C6D57457567566E37494D7475713737474E41637837466B57625A37366C687A2B73736B53526A6B2B695745657741414143415168487341414843705952676B535A4B33365264465A4A77534563422B68487341414841704C654670323162617468314466527A48444D494644694C63417741414149456733414D41674B3877703133634F3467547744764350514463334F76662F32585838712F2F38572F653130586E4C33664E6771485433396B504C744B6E62615A702B7247594A526A364B506F6B53635A703948546D46646530674733625370716D342B75534A506B49694F5A376D6A4F4335486E75664539397658362B316F4F6273356655646533384C72726F2B70785A587149506956727A674343647665534F736979544E453348575674387A37436A7832745A6C724F76302B32703033634F772F4478337A717A7A5A6D7A414E56314C566D576A6365514F594D4E3555705969334150414464336833412F444D4D596C467A68766D33624D5A424D6866736C476F7A4C7368774471373676486678307972306B5363625875703671325857644645587846755231486E5A586D4D7979374332593933302F4E6A6257684C712B373864416469594E6F327565416E765863472F5733657654544833506A6438307A6172396F636432565656762F7A614F3433482F7578715076677A444D4A346E396A53694F6D576C4875396E7A332B50357950634138444E665476637432303742687A742F645A77727A3364476A786359584E74754F79367A746B4C72653976506C544858672B6C41576C70666D31586A363647666E76394E55677668576A7A66632F755A5458442F564C50394633442F5657576E726171445976583633584A2F504975617834637063646E484D646657303838412B4565414737756D2B472B3733754A3431694B6F70432B377A2F436335376E59386E415641672B47693774397A56373757317248336D764451597A464775767661743356675069584F2F395662333249752F68586F507056486A3939584266464D584848523354326D506D4C486F73626D6B384C70555A34626352376748673572376463322B6136786D66432F6472677373552B33316477567974446469753935674C77577436354B2F7174526435442F646D36596D72523966317662544D797277626B32575A4D326A4F6252667A372B5A367948572F524645302F6C6E544E472F6A4B33517368506B646448327171687072306164654F30556267315048684237545A714E754741597069754A74724561534A422F486E492F316D376F4C35574A7678376D37536C4E2F5631585657414C6E633775585A546C4F5A3672625378744F763979342F41624350514463334B2B486577306132764F71495871712F6E6C4E6D4C43447149616D715A7276755161462B652B7665674354476535462F765A4F5A316E323856703765356944513832476948374876654865336B386D657A7945686A37586D416E7A7A2F51397465626439646F31706D626B6D6470764F736A58624B6A6F6357642B76365072743954776D5073752B6F79414C65472B4C45744A302F52744F356A3759752F33306D316A3376316F6D755A745944437551376748674A743763726A5850374E3739504938587A5641566575687A514774533358316332464365347674594C745556373855376A56636D774D797A3253482B366E414C764B3550655A4B4F2F5476396F54377551614F57645A6B396A3762506344327746597A5A4E717631652B377073646251366C64656A505649484831544F734D4F7562646836507274325538687A4B502F3633686675704F677136724E6D6132664B2B707353726D33784875723057344234436265334B3474773344494656566A594639627559506E616E47447178627737314F58616D39694645556A574D4931713737584C673347794258445853307737334933366C49375A6C39374E66706637765731625564316F5A37455865677464397A72675A2B7167544C3964716C4270664A5652596B736D347368636D652B656E6F2B6C30643771666F7575702B322F4B395847564E4A734C3939516A334148427A4959563770543136726A49536B622B33394B4D6F326A776A7A6C795947495A423672722B6146776343666462426D5461733977734C565066305258755264786C452B62726C72376E3058447632686232574953352F6165393439723750376664743452376B62384E4477326839747A327472377670616F714B597043306A53564F4937484271496467766575337A6643765A344457714B6A3478374D64643379765A62434F2B482B656F5237414C6935454D4F397950524658337432307A52313969346643666632756D714950424C75743553482B444956376B582B7A76716A76613558686E7537644D5738713646302F79564A4D7673774D42472F34643575554D344E674E5A6A55416652367236316A7A3166345835507A5833663935764476545A7364516173706D6E6570724D6C33496542634138414E2F6372346436734735384C5244356D793346392F6C77496D517143552B55655A35734C39384D777641323676444C636937775065486231354B3939466F4749333343764451384E786C4F6C564472376B47736232513035482B756E76655A72536F5073416268627776336364396247444F452B44495237414C6935454D4F39613343692F5854594B52712B584355395730706B374E426844796F305464566D6632754F394C6C77622F36395056764A556D50454657796E4876426B686D58586532525A3574796D4769545854426E714D39794C2F4433473944683237626570397A572F7238397772362B624B6C467A72622B2B3539777A482B78394F58642B326F33714C6439726267725571574D4535794C634138444E68526A753761664F7A6F55556C366E657A72567A68727657645770476C626E5A514E5932534878624376636937314E626D712F54666568615A2F30373837744F5064784C7435647248637847686231506C32726458642F42563767335A322B5A4F6B366D337466636E6A37442F64784D5236353174376662564F504C624D6949544A2B66357247304A397A6235374C7274595437617848754165446D6E687A757136723665446A5133487A6D61344F61396B7271652B68446D657951555A616C31485839466E7A4D7762703262364D64737471326E5A335A5A30744A6855397277723349332B396A767336635655652F6B376E393748316F316F5872646C79617731783735366343712F36392B55416B505462694F5059616E6D3236336C4F6C57363776617A5A6B664964376B66654162382F6B3144544E474E544E6338622B484C506E332F584D4168332F59506179362F46394A4E78504E55377362596272454F3442344F61654875373177712F2F6D3661706C47587066434A6D484D655441797A7461666D61706E6D62507A394E303438673254544E754D376D5050743267464A6D794E58336E7071542F35736C4232764476645A5A32362F72756D344D6A446F4C544A376E34333677653364315732756A594F6E706F336F6E5A6D3536304C7175503535516D32575A383846615073503933447A2F72752B7278347A4F4C6E4E47754663366261735A697657633041412F395854594E5538623772707566432F7A69624E4861753546707039347A447A33333047344277414149724A76616B615862343146434A6B325370496B7566784F305247452B2B74396850762F2F4A2F2F7335674C34523441674E2B67705253756878647473575647484B796E2B326670415842337358557344667A34382B66505735596E33414D413849504D4B545350424D63743035456962467236565658567431666C70784475415144344958566453315656623655645864654E59794B4F6C4E4B596779767432585551707137727043694B74775A68332F64765A55525434793577447349394141412F704F75366A3847504F706A31534341335A364768702F5A33444D4D67525647384462694F6F6B6A534E4F55342B424C435051414141424149776A304141414151434D4939414144416A4C6D6E2B674A3351376748414143596F4139346F6E346354304734427741676350705555656164583959307A546A59574F65562F3862447550527577646E30775756626E2F534C2B794C634138444E76663739583359742F2F6F662F2B5A39585852364F316449374C70756E4358447043456C54644F507853787A47495A4279724B554A456E47475466304D6661756564666274705530546366584A556E794D64754C2B5A376D7A4442356E6A7666637869476353595A666438305453646E6B64483331356C433941464452352F77756F592B2B644E636F6969534C4D732B796B6565484F3737767065694B4D59704E6E564A3031534B6F764436744E612B3779574B496D6D615A70784279426339443959733575765830474E767A32784868507677454F3442344F6275454F34313947723473454E6932375A76596469304E71526F55432F4C637077585739383369714B5065646E744F625264543164317A634664312F5559684F316771414653537A43307765494B54756163376B56526A4F7378444D4D6C63377937396B58544E472F72704A3461377575364876652F335243733633707373506B4B70746F49314D382B7378784839386C555133424C754B2B7153737179334E585149647948683341504144663337584466747533596D363568536B4F69396C78723048614646624D33636B37586463364833656A376D365552396E6F6F4455524C495659624B6D61673054426E39395A712B456D5378506B655A6F692B306C5244533538512B3371397872436E3239426E4C2F665A6D71595A47324654543877314731685071346C66452B3676654D71764874384D4667344834523441627536623462377665346E6A6543782F734D4E7A6E75646A47596947684C3368666F7239766D6176765530442B6C4B4E744159724D3979372F6D7A714F3269416A75503461302F666E41723349702B4E48503175547A454D77336A485A4B6D687076736969714A4850516C315462692F6F72784C7A362B6E336458424E4D4939414E7A637433767554584D39343350682F6B6849736439334C6F53626F58764F30584376722F315772373235546C7643666464316B6D585A574F716934772F73554B78507359336A654C784C346870376F4930736661322B7237366E3376585239386979624657493145626132754E4737364A6F372F33636354723164335664763932686D68712F6F4B717147722B62575A4B3239753749326E437670566136445A4D6B2B54684737652B6B3530785246473950493962765A4E344A3064633254625034576A7744345234416275375877373064704458495464573172376C546F45484A46584C7364585756363677742F7A6E54584C6A585568583966726F4E6F7968796A6C4F7737344C6F3241634E716D623569376E647A5947382B6C6C6D4D446648525A6A6A4E7062474A47525A74716C557847344D62413333756C356D513666762B334539374474422B75646D794E6178466A3744765459613950504E625767324C4B664376546132644E2B3478724273655332656758415041446633354843766632623241477450373572416F4F555A5A73425943745A7A34643463634F6F4B6A6D624945336B6630476D757234617571716F2B5A73707839595366595372636D3974636D654865586A6658396E5374763962416D34306358516437572B703732702B6E64315A634A56564C367A5448507661326850756C75775236764E68335159376574566B376F4E622B65374E6B61656F3736665A7762514F64743138624A6E4F766E62756268667369334150417A543035334E7547595A4371716A353643563336766E63473861336876713772743137514B496F6D70314130503950736C5861566F2B6969732F7659673476505A6763796E5548477457336E41756D574147667633366D476C477351394E4B2F4D56305A377533776272504863656878644C5142747A6263752B3579324E39684B7479376A6B4E37573231354C5A3642634138414E786453754664544D394D6F665A4251464557625A38535A4334397A4156696E7654512F30797A4E4D494F78666F5972764336566C47795A37337875573770656E79534A732B4579462B436E2F7137724F696E4C557649384832647573626674557268664D3335686268746445653658317364386235396864323234582F4D6470734B393637326E77763261312B495A4350634163484D68686E75523656436C5A514E706D6A703752342B45653374647A644B5675666531612F54314D317833486C7A6C4B3265594B71567732524C7568324559743057575A564A563163663374746468792B647443666462612B3631735557344A397A2F4D734939414E7A63723452376339446D58496D496A396C79584A382F392B2F737A3954316444552B726770455A34563775795A6244634E7757626A586762354C55356F712B32344A345A35772F38734939774277637947476577324B5552534E66375A32687053356E7647313839794C4841763363374F2B62466D484938344B39315037574C663746654865484453364E42576A50766641484C797278354A722F3967313976624D516A5A7A6637714F32373049397A674C345234416269374563473850754A78374D4A574C426A2B37746E7A71796256723174553150656255332B6D2F647A557772706F6D382B707762343456734E6468792B65744366636966304F314F58576E6257714B54753335747763513633466D66722B6C38522F324D6158623465675463516E334F4176684867427537736E68767171717439436C732B58596F5733726C487661692B7961513933734D532F4C5575713666677548356D42644D38696237366C2F5076572B496E3937687A586B7A62333244476546652F31764462766D39376F793349763844643578484C3864523333666A374D75756537327548722B753635376D776C7061703537387A4E6338396E3366652F385846326E7451393949747A6A4C495237414C6935703464374456543676326D616A744E484B6730366352784C6D71624F78653646625A726D34776D71647368726D6D5A635A334F652F616D704D4E753248514F64756436756B446F4D677852464D543752632B36315A7A6772334F756661514E49742B32565A546D6D76752F484A2B436144517A7A53627575387075753639373266527A485570626C354E53582B6E66366E76714556746632315161505068524D392F32575A787751376E4557776A30414148676B6E62375552356B4D454172435051414163444948713634744E376D612B6543784B387168376B67624F4B34374750673968487341414F436B54393231793668774C31565653566D577A6C497A2F4237435051414141424149776A304141414151434D49394141414145416A435051414141424149776A304141414151434D49394141414145416A435051414141424149776A304141414151434D49394141414145416A435051414141424149776A304141414151434D49394141414145416A435051414141424149776A304141414151434D49394141414145416A435051414141424149776A304141414151694939772F352F2B303338536379486341774141414D2F7735382B66747978507541634141414165696E41504141414142494A7744774141414153436341384141414145676E41504141414142494A7744774141414153436341384141414145676E41504141414142494A7744774141414153436341384141414145676E41504141414142494A7744774141414153436341384141414145676E41504141414142494A7744774141414153436341384141414145676E41504141414142494A77447741414141534363413841496C4B57706252742B2B33564F43524E30322B764167446779776A3341433752747132555A546E376D6A524E54776E59777A4249555253534A496B6B53534A706D6B6F55525A4A6C326669617465452B797A4970696D4C324E57336262677261635279506E3931316E5552524A483366722F3733366F7877337A544E323359796C57573575452F3336507465386A79584E45306C54564F4A3431694B6F704268474A7A726F507330535A4C4A666468316E53524A4D767535777A424946455750622B51422B473245657743582B46613462357047346A69577571342F2F7137727576482F72773333586465392F547558746D336C3958717465722B36726A3965363172584E58794765773359575A5A3976472F6274754F666E78487558636442575A6153352F6E626E2B56354C6C56566A662F64645A334563667A574D4271475966793372396472396E504C7369546341336738776A32415333776A33477659632F5834326E7957355A6A6864306B6378374D397A6C7634437664315855756535394C332F636464694B496F70437A4C4D5453664565366E396C6363782B502F3737724F2B58313133665531575A614E32335975334F76376E585833434143755172674863496D3934563644736C6C3673625A6E6530746F316E44664E4D31624F5969397A6D7361416670646C344B69426C483764585A6F54644E55686D455958367662776937646D5872643070324770653879315767344B3978504D62394C575A624F343241596872644767476B75334F76324A4E7744654472435059424C37416E3354644E496B6951665A525A356E692F5776612B7073545A705544564C50345A686B437A4C70476D617439657444666474323336556B706A307536304A39335A493132316A7679374C7372665874573237615475347673746477723335506559614C56764466566D5759336B50345237413078487541567869543769664B366D78613674745656567443703761303237543067377A645776447659673465396A314E5272386C384C395650322B4858436E586D63482F693375457537742F546C58676A51562F4633683376352B68487341543065344233434A746D306C6A754F78463971316D494D5A6C3371397A64375771622F664775366E586D2B47763633683371774274393954512F2B6163442B317A75612F572F75364C653451377575366474374E6D444956304F33746F7955385A674F5363412F6736516A33414336787465642B4B54677576642B6563443856366F3645653548507577784C76635672673679394C6D746674385852634B2F4233467957537171556C6B573558723855376C3133532B78776E79544A5277382F345237413078487541567A69366E412F4E7A2B3779356E683375363964345835554D5039586A70377A64772B6D53724C576C4E7A6E2B6535633041753452374130784875415678696137672F5770596A49707365426E566D754266354F3335414239446137302B342F3073484338394E595A726E2B6474415A7A554D772B5141596A50637A3557472B5A686C4341432B6858415034424A58443667562B576351356C4A49564765482B37717578396C343748395075502F4C565166766F6C4F57626C6D6E705964596964427A442B4435435063414C7546374B7379316F62496F436B6D53784E6E4C7533614B53782F6858742F484655697644766472476B6271366E4466747533716D7677305464394B6133543630366D47416545657743386733414F34684D2B48574C6D432B744A6E5A316B6D5552534E4436644B6B7551745246345237717571576C586E665761347436663258484A31754B2B71616E5A574A624E5552687436756A2B7A4C4A74747442447541667743776A30412F4A43694B4459336A6741417A304734423441664D6A65464A4144672B516A3341414141514341493977414141454167435063414141424149416A3341414141514341493977414141454167435063414141424149416A3341414141514341493977414141454167435066412F322B336A6B304169474567435062666D50705242652F55357345343154454432384D43414954347A5831336633766D486741415A716971342B584E505141414447587541514167684C6B48414941513568344141454B5965774141435045303935496B535A4A6D644A3137535A496B53544D7A3935496B53564A49356C36534A456B4B7964784C6B69524A49533330374867485271664A4B7741414141424A52553545726B4A6767673D3D, 23423.00, 1, 1, 1, 1),
	(9, '24242', '345345', 34555, 345, 345345.00, _binary 0x646174613A2C, 345345.00, 1, 1, 1, 1),
	(10, '123123', '123123123123123', 123123, 11, 123123.00, _binary 0x646174613A2C, 123123.00, 1, 1, 1, 1),
	(11, 'tertert', '', 33, 33, 345345.00, _binary 0x646174613A2C, 345345.00, 1, 1, 1, 1);
/*!40000 ALTER TABLE `product` ENABLE KEYS */;


-- Dumping structure for table inventory_erp.product_component
CREATE TABLE IF NOT EXISTS `product_component` (
  `ID` int(11) NOT NULL AUTO_INCREMENT,
  `Amount` decimal(19,2) DEFAULT NULL,
  `Price` decimal(19,2) DEFAULT NULL,
  `Quantity` int(11) DEFAULT NULL,
  `ProductID` int(11) DEFAULT NULL,
  `ComponentID` int(11) DEFAULT NULL,
  `Total` decimal(19,2) DEFAULT NULL,
  `UnitPrice` decimal(19,2) DEFAULT NULL,
  PRIMARY KEY (`ID`),
  KEY `FKB511C5ADFE7F7CA0` (`ComponentID`),
  KEY `FKB511C5ADFA91F812` (`ProductID`),
  CONSTRAINT `FKB511C5ADFA91F812` FOREIGN KEY (`ProductID`) REFERENCES `product` (`ProductID`),
  CONSTRAINT `FKB511C5ADFE7F7CA0` FOREIGN KEY (`ComponentID`) REFERENCES `product` (`ProductID`)
) ENGINE=InnoDB DEFAULT CHARSET=utf8;

-- Dumping data for table inventory_erp.product_component: ~0 rows (approximately)
/*!40000 ALTER TABLE `product_component` DISABLE KEYS */;
/*!40000 ALTER TABLE `product_component` ENABLE KEYS */;


-- Dumping structure for table inventory_erp.product_group
CREATE TABLE IF NOT EXISTS `product_group` (
  `groupID` int(11) NOT NULL AUTO_INCREMENT,
  `description` varchar(255) DEFAULT NULL,
  `groupName` varchar(255) DEFAULT NULL,
  PRIMARY KEY (`groupID`)
) ENGINE=InnoDB AUTO_INCREMENT=4 DEFAULT CHARSET=utf8;

-- Dumping data for table inventory_erp.product_group: ~3 rows (approximately)
/*!40000 ALTER TABLE `product_group` DISABLE KEYS */;
INSERT INTO `product_group` (`groupID`, `description`, `groupName`) VALUES
	(1, 'điện, có liên quan đến điện', 'Thiết bị điện'),
	(2, 'Máy tính, điện thoại, loa....', 'Công nghệ thông tin'),
	(3, 'Mỳ gói, paparoti,...', 'Đồ ăn');
/*!40000 ALTER TABLE `product_group` ENABLE KEYS */;


-- Dumping structure for table inventory_erp.product_type
CREATE TABLE IF NOT EXISTS `product_type` (
  `typeID` int(11) NOT NULL AUTO_INCREMENT,
  `TypeName` varchar(255) DEFAULT NULL,
  PRIMARY KEY (`typeID`)
) ENGINE=InnoDB AUTO_INCREMENT=4 DEFAULT CHARSET=utf8;

-- Dumping data for table inventory_erp.product_type: ~3 rows (approximately)
/*!40000 ALTER TABLE `product_type` DISABLE KEYS */;
INSERT INTO `product_type` (`typeID`, `TypeName`) VALUES
	(1, 'Smart Phone'),
	(2, 'Laptop'),
	(3, 'Ăn được');
/*!40000 ALTER TABLE `product_type` ENABLE KEYS */;


-- Dumping structure for table inventory_erp.product_unit
CREATE TABLE IF NOT EXISTS `product_unit` (
  `unitID` int(11) NOT NULL AUTO_INCREMENT,
  `description` varchar(255) DEFAULT NULL,
  `UnitName` varchar(255) DEFAULT NULL,
  PRIMARY KEY (`unitID`)
) ENGINE=InnoDB AUTO_INCREMENT=4 DEFAULT CHARSET=utf8;

-- Dumping data for table inventory_erp.product_unit: ~3 rows (approximately)
/*!40000 ALTER TABLE `product_unit` DISABLE KEYS */;
INSERT INTO `product_unit` (`unitID`, `description`, `UnitName`) VALUES
	(1, 'Cái gì đó', 'Cái'),
	(2, 'Một hộp gì đó :v', 'Hộp'),
	(3, 'Thùng mỳ gói :>', 'Thùng');
/*!40000 ALTER TABLE `product_unit` ENABLE KEYS */;


-- Dumping structure for table inventory_erp.provider
CREATE TABLE IF NOT EXISTS `provider` (
  `ProviderID` int(11) NOT NULL AUTO_INCREMENT,
  `Address` varchar(255) DEFAULT NULL,
  `Description` varchar(255) DEFAULT NULL,
  `Email` varchar(255) DEFAULT NULL,
  `ProviderName` varchar(255) DEFAULT NULL,
  `Tel` varchar(255) DEFAULT NULL,
  `Website` varchar(255) DEFAULT NULL,
  PRIMARY KEY (`ProviderID`)
) ENGINE=InnoDB AUTO_INCREMENT=4 DEFAULT CHARSET=utf8;

-- Dumping data for table inventory_erp.provider: ~3 rows (approximately)
/*!40000 ALTER TABLE `provider` DISABLE KEYS */;
INSERT INTO `provider` (`ProviderID`, `Address`, `Description`, `Email`, `ProviderName`, `Tel`, `Website`) VALUES
	(1, '123 - abc ', 'Cong ty cua anh Quan', 'heart.smile.79@gmail.com', 'Asus Company', '1232467567345', 'abc.com.vn'),
	(2, '234 - skk', 'nothing is impossible', 'abc@qwerty.bcd', 'Paparoti Company', '23423423423', 'hhh.com.cham'),
	(3, 'hhehe', 'Công ty xuất nhập khẩu Anh Quân', 'john@tran.quan', 'Anh Quan Import', '88888889', 'wer.abc.com');
/*!40000 ALTER TABLE `provider` ENABLE KEYS */;


-- Dumping structure for table inventory_erp.regulation_config
CREATE TABLE IF NOT EXISTS `regulation_config` (
  `RegulationID` int(11) NOT NULL AUTO_INCREMENT,
  `KeyCfg` varchar(255) DEFAULT NULL,
  `ValueCfg` varchar(255) DEFAULT NULL,
  PRIMARY KEY (`RegulationID`)
) ENGINE=InnoDB AUTO_INCREMENT=2 DEFAULT CHARSET=utf8;

-- Dumping data for table inventory_erp.regulation_config: ~1 rows (approximately)
/*!40000 ALTER TABLE `regulation_config` DISABLE KEYS */;
INSERT INTO `regulation_config` (`RegulationID`, `KeyCfg`, `ValueCfg`) VALUES
	(1, 'NagativeInventory', '0');
/*!40000 ALTER TABLE `regulation_config` ENABLE KEYS */;


-- Dumping structure for table inventory_erp.staff
CREATE TABLE IF NOT EXISTS `staff` (
  `StaffID` int(11) NOT NULL AUTO_INCREMENT,
  `Tel` varchar(255) DEFAULT NULL,
  `Address` varchar(255) DEFAULT NULL,
  `Birthday` date DEFAULT NULL,
  `Email` varchar(255) DEFAULT NULL,
  `IndentifyNum` int(11) DEFAULT NULL,
  `StaffName` varchar(255) DEFAULT NULL,
  PRIMARY KEY (`StaffID`)
) ENGINE=InnoDB AUTO_INCREMENT=3 DEFAULT CHARSET=utf8;

-- Dumping data for table inventory_erp.staff: ~2 rows (approximately)
/*!40000 ALTER TABLE `staff` DISABLE KEYS */;
INSERT INTO `staff` (`StaffID`, `Tel`, `Address`, `Birthday`, `Email`, `IndentifyNum`, `StaffName`) VALUES
	(1, '121216565656', 'Viet Nam', '1993-06-20', 'anh@quan.com', 256585664, 'QuanTA'),
	(2, '016944474566', 'Di An - Binh Duong', '1996-06-17', 'papa@roti.com', 254698979, 'ABC');
/*!40000 ALTER TABLE `staff` ENABLE KEYS */;


-- Dumping structure for table inventory_erp.stock
CREATE TABLE IF NOT EXISTS `stock` (
  `StockID` int(11) NOT NULL AUTO_INCREMENT,
  `StockName` varchar(255) DEFAULT NULL,
  `Address` varchar(255) DEFAULT NULL,
  `Desciption` varchar(255) DEFAULT NULL,
  `IsActive` bit(1) DEFAULT NULL,
  `Size` int(11) DEFAULT NULL,
  `ManagerID` int(11) DEFAULT NULL,
  PRIMARY KEY (`StockID`),
  KEY `FK68AF7167AC4DB81` (`ManagerID`),
  CONSTRAINT `FK68AF7167AC4DB81` FOREIGN KEY (`ManagerID`) REFERENCES `staff` (`StaffID`)
) ENGINE=InnoDB AUTO_INCREMENT=5 DEFAULT CHARSET=utf8;

-- Dumping data for table inventory_erp.stock: ~3 rows (approximately)
/*!40000 ALTER TABLE `stock` DISABLE KEYS */;
INSERT INTO `stock` (`StockID`, `StockName`, `Address`, `Desciption`, `IsActive`, `Size`, `ManagerID`) VALUES
	(1, 'My home', 'Dak Sak - Dak Mil - Dak Nong', 'very good! excelent!', b'1', 999, 1),
	(2, 'my castle', '99/69', 'awnsome', b'1', 99, 1),
	(4, 'Korea', 'Korea - abc - def', 'My stock in Korea', b'1', 120, 2);
/*!40000 ALTER TABLE `stock` ENABLE KEYS */;


-- Dumping structure for table inventory_erp.stock_build
CREATE TABLE IF NOT EXISTS `stock_build` (
  `BuildID` int(11) NOT NULL AUTO_INCREMENT,
  `BuildDate` date DEFAULT NULL,
  `Reason` varchar(255) DEFAULT NULL,
  `TotalAmount` decimal(19,2) DEFAULT NULL,
  `TotalQuantity` int(11) DEFAULT NULL,
  `ProductID` int(11) DEFAULT NULL,
  `StaffID` int(11) DEFAULT NULL,
  `StockID` int(11) DEFAULT NULL,
  PRIMARY KEY (`BuildID`),
  KEY `FKCDB6F805FA91F812` (`ProductID`),
  KEY `FKCDB6F80525E68DF4` (`StaffID`),
  KEY `FKCDB6F80526AAC0E0` (`StockID`),
  CONSTRAINT `FKCDB6F80526AAC0E0` FOREIGN KEY (`StockID`) REFERENCES `stock` (`StockID`),
  CONSTRAINT `FKCDB6F80525E68DF4` FOREIGN KEY (`StaffID`) REFERENCES `staff` (`StaffID`),
  CONSTRAINT `FKCDB6F805FA91F812` FOREIGN KEY (`ProductID`) REFERENCES `product` (`ProductID`)
) ENGINE=InnoDB DEFAULT CHARSET=utf8;

-- Dumping data for table inventory_erp.stock_build: ~0 rows (approximately)
/*!40000 ALTER TABLE `stock_build` DISABLE KEYS */;
/*!40000 ALTER TABLE `stock_build` ENABLE KEYS */;


-- Dumping structure for table inventory_erp.stock_build_detail
CREATE TABLE IF NOT EXISTS `stock_build_detail` (
  `buildDetailID` int(11) NOT NULL AUTO_INCREMENT,
  `amount` decimal(19,2) DEFAULT NULL,
  `buildID` int(11) DEFAULT NULL,
  `componentID` int(11) DEFAULT NULL,
  `price` decimal(19,2) DEFAULT NULL,
  `quantity` int(11) DEFAULT NULL,
  `SubTotal` decimal(19,2) DEFAULT NULL,
  PRIMARY KEY (`buildDetailID`),
  KEY `FKF641FDCBFE7F7CA0` (`componentID`),
  KEY `FKF641FDCBAEF9A188` (`buildID`),
  CONSTRAINT `FKF641FDCBAEF9A188` FOREIGN KEY (`buildID`) REFERENCES `stock_build` (`BuildID`),
  CONSTRAINT `FKF641FDCBFE7F7CA0` FOREIGN KEY (`componentID`) REFERENCES `product` (`ProductID`)
) ENGINE=InnoDB DEFAULT CHARSET=utf8;

-- Dumping data for table inventory_erp.stock_build_detail: ~0 rows (approximately)
/*!40000 ALTER TABLE `stock_build_detail` DISABLE KEYS */;
/*!40000 ALTER TABLE `stock_build_detail` ENABLE KEYS */;


-- Dumping structure for table inventory_erp.stock_inventory
CREATE TABLE IF NOT EXISTS `stock_inventory` (
  `InventoryID` int(11) NOT NULL AUTO_INCREMENT,
  `Amount` decimal(19,2) DEFAULT NULL,
  `Date` date DEFAULT NULL,
  `Price` decimal(19,2) DEFAULT NULL,
  `Quantity` int(11) DEFAULT NULL,
  `ProductID` int(11) DEFAULT NULL,
  `StockID` int(11) DEFAULT NULL,
  `totalQuantity` int(11) DEFAULT NULL,
  PRIMARY KEY (`InventoryID`),
  KEY `FK84FAA773FA91F812` (`ProductID`),
  KEY `FK84FAA77326AAC0E0` (`StockID`),
  CONSTRAINT `FK84FAA77326AAC0E0` FOREIGN KEY (`StockID`) REFERENCES `stock` (`StockID`),
  CONSTRAINT `FK84FAA773FA91F812` FOREIGN KEY (`ProductID`) REFERENCES `product` (`ProductID`)
) ENGINE=InnoDB AUTO_INCREMENT=8 DEFAULT CHARSET=utf8;

-- Dumping data for table inventory_erp.stock_inventory: ~7 rows (approximately)
/*!40000 ALTER TABLE `stock_inventory` DISABLE KEYS */;
INSERT INTO `stock_inventory` (`InventoryID`, `Amount`, `Date`, `Price`, `Quantity`, `ProductID`, `StockID`, `totalQuantity`) VALUES
	(1, 5000000.00, '2015-06-24', 500000.00, 200, 2, 1, NULL),
	(2, 1000000.00, '2015-06-24', 100000.00, 200, 1, 2, NULL),
	(3, 2000000.00, '2015-06-25', 200000.00, 200, 2, 2, NULL),
	(4, 6000000.00, '2015-06-25', 50000.00, 369, 1, 1, NULL),
	(5, 444000000.00, '2015-06-27', 2000000.00, 222, 1, 1, NULL),
	(6, 690000.00, '2015-06-27', 10000.00, -69, 2, 1, NULL),
	(7, 690000.00, '2015-06-27', 10000.00, 69, 2, 2, NULL);
/*!40000 ALTER TABLE `stock_inventory` ENABLE KEYS */;


-- Dumping structure for table inventory_erp.stock_inward
CREATE TABLE IF NOT EXISTS `stock_inward` (
  `InwardID` int(11) NOT NULL AUTO_INCREMENT,
  `Date` date DEFAULT NULL,
  `Reason` varchar(255) DEFAULT NULL,
  `TotalAmount` decimal(19,2) DEFAULT NULL,
  `TotalNumber` int(11) DEFAULT NULL,
  `ProviderID` int(11) DEFAULT NULL,
  `StaffID` int(11) DEFAULT NULL,
  `Note` varchar(255) DEFAULT NULL,
  PRIMARY KEY (`InwardID`),
  KEY `FKF4BD866AFC62AB04` (`ProviderID`),
  KEY `FKF4BD866A25E68DF4` (`StaffID`),
  CONSTRAINT `FKF4BD866A25E68DF4` FOREIGN KEY (`StaffID`) REFERENCES `staff` (`StaffID`),
  CONSTRAINT `FKF4BD866AFC62AB04` FOREIGN KEY (`ProviderID`) REFERENCES `provider` (`ProviderID`)
) ENGINE=InnoDB AUTO_INCREMENT=2 DEFAULT CHARSET=utf8;

-- Dumping data for table inventory_erp.stock_inward: ~1 rows (approximately)
/*!40000 ALTER TABLE `stock_inward` DISABLE KEYS */;
INSERT INTO `stock_inward` (`InwardID`, `Date`, `Reason`, `TotalAmount`, `TotalNumber`, `ProviderID`, `StaffID`, `Note`) VALUES
	(1, '2015-06-27', 'sdfsdfs', 666000000.00, 222, NULL, NULL, 'dfsdfsdfsdf');
/*!40000 ALTER TABLE `stock_inward` ENABLE KEYS */;


-- Dumping structure for table inventory_erp.stock_inward_detail
CREATE TABLE IF NOT EXISTS `stock_inward_detail` (
  `InwardDetailID` int(11) NOT NULL AUTO_INCREMENT,
  `Amount` decimal(19,2) DEFAULT NULL,
  `Number` int(11) DEFAULT NULL,
  `Price` decimal(19,2) DEFAULT NULL,
  `ProductID` int(11) DEFAULT NULL,
  `InwardID` int(11) DEFAULT NULL,
  `StockID` int(11) DEFAULT NULL,
  PRIMARY KEY (`InwardDetailID`),
  KEY `FKDF3663C6FA91F812` (`ProductID`),
  KEY `FKDF3663C626AAC0E0` (`StockID`),
  KEY `FKDF3663C6B7FBCA2C` (`InwardID`),
  CONSTRAINT `FKDF3663C626AAC0E0` FOREIGN KEY (`StockID`) REFERENCES `stock` (`StockID`),
  CONSTRAINT `FKDF3663C6B7FBCA2C` FOREIGN KEY (`InwardID`) REFERENCES `stock_inward` (`InwardID`),
  CONSTRAINT `FKDF3663C6FA91F812` FOREIGN KEY (`ProductID`) REFERENCES `product` (`ProductID`)
) ENGINE=InnoDB AUTO_INCREMENT=2 DEFAULT CHARSET=utf8;

-- Dumping data for table inventory_erp.stock_inward_detail: ~1 rows (approximately)
/*!40000 ALTER TABLE `stock_inward_detail` DISABLE KEYS */;
INSERT INTO `stock_inward_detail` (`InwardDetailID`, `Amount`, `Number`, `Price`, `ProductID`, `InwardID`, `StockID`) VALUES
	(1, 444000000.00, 222, 2000000.00, 1, 1, 1);
/*!40000 ALTER TABLE `stock_inward_detail` ENABLE KEYS */;


-- Dumping structure for table inventory_erp.stock_outward
CREATE TABLE IF NOT EXISTS `stock_outward` (
  `OutwardID` int(11) NOT NULL AUTO_INCREMENT,
  `CustomerID` int(11) DEFAULT NULL,
  `Date` date DEFAULT NULL,
  `Reason` varchar(255) DEFAULT NULL,
  `TotalAmount` decimal(19,2) DEFAULT NULL,
  `TotalQuantity` int(11) DEFAULT NULL,
  `StaffID` int(11) DEFAULT NULL,
  PRIMARY KEY (`OutwardID`),
  KEY `FKEC2A12A125E68DF4` (`StaffID`),
  KEY `FKEC2A12A1F0E6D79E` (`CustomerID`),
  CONSTRAINT `FKEC2A12A1F0E6D79E` FOREIGN KEY (`CustomerID`) REFERENCES `customer` (`CustomerID`),
  CONSTRAINT `FKEC2A12A125E68DF4` FOREIGN KEY (`StaffID`) REFERENCES `staff` (`StaffID`),
  CONSTRAINT `FK_stock_outward_customer` FOREIGN KEY (`CustomerID`) REFERENCES `customer` (`CustomerID`)
) ENGINE=InnoDB DEFAULT CHARSET=utf8;

-- Dumping data for table inventory_erp.stock_outward: ~0 rows (approximately)
/*!40000 ALTER TABLE `stock_outward` DISABLE KEYS */;
/*!40000 ALTER TABLE `stock_outward` ENABLE KEYS */;


-- Dumping structure for table inventory_erp.stock_outward_detail
CREATE TABLE IF NOT EXISTS `stock_outward_detail` (
  `OutwardDetailID` int(11) NOT NULL AUTO_INCREMENT,
  `Amount` decimal(19,2) DEFAULT NULL,
  `Number` int(11) DEFAULT NULL,
  `Price` decimal(19,2) DEFAULT NULL,
  `OutwardID` int(11) DEFAULT NULL,
  `ProductID` int(11) DEFAULT NULL,
  `StockID` int(11) DEFAULT NULL,
  PRIMARY KEY (`OutwardDetailID`),
  KEY `FK6C34FBAF6765C300` (`OutwardID`),
  KEY `FK6C34FBAFFA91F812` (`ProductID`),
  KEY `FK6C34FBAF26AAC0E0` (`StockID`),
  CONSTRAINT `FK6C34FBAF26AAC0E0` FOREIGN KEY (`StockID`) REFERENCES `stock` (`StockID`),
  CONSTRAINT `FK6C34FBAF6765C300` FOREIGN KEY (`OutwardID`) REFERENCES `stock_outward` (`OutwardID`),
  CONSTRAINT `FK6C34FBAFFA91F812` FOREIGN KEY (`ProductID`) REFERENCES `product` (`ProductID`)
) ENGINE=InnoDB DEFAULT CHARSET=utf8;

-- Dumping data for table inventory_erp.stock_outward_detail: ~0 rows (approximately)
/*!40000 ALTER TABLE `stock_outward_detail` DISABLE KEYS */;
/*!40000 ALTER TABLE `stock_outward_detail` ENABLE KEYS */;


-- Dumping structure for table inventory_erp.stock_transfer
CREATE TABLE IF NOT EXISTS `stock_transfer` (
  `TransferID` int(11) NOT NULL AUTO_INCREMENT,
  `Description` varchar(255) DEFAULT NULL,
  `ExpectedDate` date DEFAULT NULL,
  `Priority` int(11) DEFAULT NULL,
  `Quantity` int(11) DEFAULT NULL,
  `StatusID` int(11) DEFAULT NULL,
  `StaffID` int(11) DEFAULT NULL,
  `FromStockID` int(11) DEFAULT NULL,
  `ProductID` int(11) DEFAULT NULL,
  `ToStockID` int(11) DEFAULT NULL,
  PRIMARY KEY (`TransferID`),
  KEY `FKE0E88AF4FA91F812` (`ProductID`),
  KEY `FKE0E88AF4604F8205` (`ToStockID`),
  KEY `FKE0E88AF425E68DF4` (`StaffID`),
  KEY `FKE0E88AF4C70A95F6` (`FromStockID`),
  CONSTRAINT `FKE0E88AF425E68DF4` FOREIGN KEY (`StaffID`) REFERENCES `staff` (`StaffID`),
  CONSTRAINT `FKE0E88AF4604F8205` FOREIGN KEY (`ToStockID`) REFERENCES `stock` (`StockID`),
  CONSTRAINT `FKE0E88AF4C70A95F6` FOREIGN KEY (`FromStockID`) REFERENCES `stock` (`StockID`),
  CONSTRAINT `FKE0E88AF4FA91F812` FOREIGN KEY (`ProductID`) REFERENCES `product` (`ProductID`)
) ENGINE=InnoDB AUTO_INCREMENT=2 DEFAULT CHARSET=utf8;

-- Dumping data for table inventory_erp.stock_transfer: ~1 rows (approximately)
/*!40000 ALTER TABLE `stock_transfer` DISABLE KEYS */;
INSERT INTO `stock_transfer` (`TransferID`, `Description`, `ExpectedDate`, `Priority`, `Quantity`, `StatusID`, `StaffID`, `FromStockID`, `ProductID`, `ToStockID`) VALUES
	(1, 'inventory demo', '2015-06-27', 3, 69, 4, NULL, 1, 2, 2);
/*!40000 ALTER TABLE `stock_transfer` ENABLE KEYS */;
/*!40101 SET SQL_MODE=IFNULL(@OLD_SQL_MODE, '') */;
/*!40014 SET FOREIGN_KEY_CHECKS=IF(@OLD_FOREIGN_KEY_CHECKS IS NULL, 1, @OLD_FOREIGN_KEY_CHECKS) */;
/*!40101 SET CHARACTER_SET_CLIENT=@OLD_CHARACTER_SET_CLIENT */;
